,state_name,date,pecent_yoy_change
0,Alabama,2020-02-18,-14
1,Alabama,2020-02-19,7
2,Alabama,2020-02-20,1
3,Alabama,2020-02-21,-2
4,Alabama,2020-02-22,8
5,Alabama,2020-02-23,2
6,Alabama,2020-02-24,1
7,Alabama,2020-02-25,0
8,Alabama,2020-02-26,-8
9,Alabama,2020-02-27,-3
10,Alabama,2020-02-28,-3
11,Alabama,2020-02-29,-11
12,Alabama,2020-03-01,2
13,Alabama,2020-03-02,-32
14,Alabama,2020-03-03,-29
15,Alabama,2020-03-04,-23
16,Alabama,2020-03-05,-15
17,Alabama,2020-03-06,-3
18,Alabama,2020-03-07,11
19,Alabama,2020-03-08,-10
20,Alabama,2020-03-09,-11
21,Alabama,2020-03-10,-26
22,Alabama,2020-03-11,-8
23,Alabama,2020-03-12,-2
24,Alabama,2020-03-13,-24
25,Alabama,2020-03-14,-28
26,Alabama,2020-03-15,-38
27,Alabama,2020-03-16,-57
28,Alabama,2020-03-17,-74
29,Alabama,2020-03-18,-78
30,Alabama,2020-03-19,-97
31,Alabama,2020-03-20,-100
32,Alabama,2020-03-21,-100
33,Alabama,2020-03-22,-100
34,Alabama,2020-03-23,-100
35,Alabama,2020-03-24,-100
36,Alabama,2020-03-25,-100
37,Alabama,2020-03-26,-100
38,Alabama,2020-03-27,-100
39,Alabama,2020-03-28,-100
40,Alabama,2020-03-29,-100
41,Alabama,2020-03-30,-100
42,Alabama,2020-03-31,-100
43,Alabama,2020-04-01,-100
44,Alabama,2020-04-02,-100
45,Alabama,2020-04-03,-100
46,Alabama,2020-04-04,-100
47,Alabama,2020-04-05,-100
48,Alabama,2020-04-06,-100
49,Alabama,2020-04-07,-100
50,Alabama,2020-04-08,-100
51,Alabama,2020-04-09,-100
52,Alabama,2020-04-10,-100
53,Alabama,2020-04-11,-100
54,Alabama,2020-04-12,-100
55,Alabama,2020-04-13,-100
56,Alabama,2020-04-14,-100
57,Alabama,2020-04-15,-100
58,Alabama,2020-04-16,-100
59,Alabama,2020-04-17,-100
60,Alabama,2020-04-18,-100
61,Alabama,2020-04-19,-100
62,Alabama,2020-04-20,-100
63,Alabama,2020-04-21,-100
64,Alabama,2020-04-22,-100
65,Alabama,2020-04-23,-100
66,Alabama,2020-04-24,-100
67,Alabama,2020-04-25,-100
68,Alabama,2020-04-26,-100
69,Alabama,2020-04-27,-100
70,Arizona,2020-02-18,0
71,Arizona,2020-02-19,1
72,Arizona,2020-02-20,8
73,Arizona,2020-02-21,4
74,Arizona,2020-02-22,-3
75,Arizona,2020-02-23,5
76,Arizona,2020-02-24,2
77,Arizona,2020-02-25,5
78,Arizona,2020-02-26,1
79,Arizona,2020-02-27,3
80,Arizona,2020-02-28,2
81,Arizona,2020-02-29,1
82,Arizona,2020-03-01,-2
83,Arizona,2020-03-02,-7
84,Arizona,2020-03-03,-10
85,Arizona,2020-03-04,0
86,Arizona,2020-03-05,-4
87,Arizona,2020-03-06,-3
88,Arizona,2020-03-07,-2
89,Arizona,2020-03-08,-3
90,Arizona,2020-03-09,-7
91,Arizona,2020-03-10,-14
92,Arizona,2020-03-11,-20
93,Arizona,2020-03-12,-18
94,Arizona,2020-03-13,-26
95,Arizona,2020-03-14,-24
96,Arizona,2020-03-15,-37
97,Arizona,2020-03-16,-54
98,Arizona,2020-03-17,-77
99,Arizona,2020-03-18,-93
100,Arizona,2020-03-19,-96
101,Arizona,2020-03-20,-98
102,Arizona,2020-03-21,-100
103,Arizona,2020-03-22,-100
104,Arizona,2020-03-23,-100
105,Arizona,2020-03-24,-100
106,Arizona,2020-03-25,-100
107,Arizona,2020-03-26,-100
108,Arizona,2020-03-27,-100
109,Arizona,2020-03-28,-100
110,Arizona,2020-03-29,-100
111,Arizona,2020-03-30,-100
112,Arizona,2020-03-31,-100
113,Arizona,2020-04-01,-100
114,Arizona,2020-04-02,-100
115,Arizona,2020-04-03,-100
116,Arizona,2020-04-04,-100
117,Arizona,2020-04-05,-100
118,Arizona,2020-04-06,-100
119,Arizona,2020-04-07,-100
120,Arizona,2020-04-08,-100
121,Arizona,2020-04-09,-100
122,Arizona,2020-04-10,-100
123,Arizona,2020-04-11,-100
124,Arizona,2020-04-12,-100
125,Arizona,2020-04-13,-100
126,Arizona,2020-04-14,-100
127,Arizona,2020-04-15,-100
128,Arizona,2020-04-16,-100
129,Arizona,2020-04-17,-100
130,Arizona,2020-04-18,-100
131,Arizona,2020-04-19,-100
132,Arizona,2020-04-20,-100
133,Arizona,2020-04-21,-100
134,Arizona,2020-04-22,-100
135,Arizona,2020-04-23,-100
136,Arizona,2020-04-24,-100
137,Arizona,2020-04-25,-100
138,Arizona,2020-04-26,-100
139,Arizona,2020-04-27,-100
140,California,2020-02-18,-2
141,California,2020-02-19,2
142,California,2020-02-20,5
143,California,2020-02-21,0
144,California,2020-02-22,-2
145,California,2020-02-23,7
146,California,2020-02-24,3
147,California,2020-02-25,6
148,California,2020-02-26,4
149,California,2020-02-27,3
150,California,2020-02-28,5
151,California,2020-02-29,9
152,California,2020-03-01,-3
153,California,2020-03-02,-6
154,California,2020-03-03,-4
155,California,2020-03-04,-3
156,California,2020-03-05,-10
157,California,2020-03-06,-8
158,California,2020-03-07,-5
159,California,2020-03-08,-5
160,California,2020-03-09,-18
161,California,2020-03-10,-27
162,California,2020-03-11,-23
163,California,2020-03-12,-38
164,California,2020-03-13,-42
165,California,2020-03-14,-47
166,California,2020-03-15,-55
167,California,2020-03-16,-70
168,California,2020-03-17,-96
169,California,2020-03-18,-99
170,California,2020-03-19,-100
171,California,2020-03-20,-100
172,California,2020-03-21,-100
173,California,2020-03-22,-100
174,California,2020-03-23,-100
175,California,2020-03-24,-100
176,California,2020-03-25,-100
177,California,2020-03-26,-100
178,California,2020-03-27,-100
179,California,2020-03-28,-100
180,California,2020-03-29,-100
181,California,2020-03-30,-100
182,California,2020-03-31,-100
183,California,2020-04-01,-100
184,California,2020-04-02,-100
185,California,2020-04-03,-100
186,California,2020-04-04,-100
187,California,2020-04-05,-100
188,California,2020-04-06,-100
189,California,2020-04-07,-100
190,California,2020-04-08,-100
191,California,2020-04-09,-100
192,California,2020-04-10,-100
193,California,2020-04-11,-100
194,California,2020-04-12,-100
195,California,2020-04-13,-100
196,California,2020-04-14,-100
197,California,2020-04-15,-100
198,California,2020-04-16,-100
199,California,2020-04-17,-100
200,California,2020-04-18,-100
201,California,2020-04-19,-100
202,California,2020-04-20,-100
203,California,2020-04-21,-100
204,California,2020-04-22,-100
205,California,2020-04-23,-100
206,California,2020-04-24,-100
207,California,2020-04-25,-100
208,California,2020-04-26,-100
209,California,2020-04-27,-100
210,Colorado,2020-02-18,1
211,Colorado,2020-02-19,-8
212,Colorado,2020-02-20,-4
213,Colorado,2020-02-21,7
214,Colorado,2020-02-22,1
215,Colorado,2020-02-23,-8
216,Colorado,2020-02-24,-2
217,Colorado,2020-02-25,-4
218,Colorado,2020-02-26,-1
219,Colorado,2020-02-27,-2
220,Colorado,2020-02-28,0
221,Colorado,2020-02-29,22
222,Colorado,2020-03-01,26
223,Colorado,2020-03-02,-1
224,Colorado,2020-03-03,-6
225,Colorado,2020-03-04,-6
226,Colorado,2020-03-05,-4
227,Colorado,2020-03-06,-8
228,Colorado,2020-03-07,-10
229,Colorado,2020-03-08,-6
230,Colorado,2020-03-09,-13
231,Colorado,2020-03-10,-17
232,Colorado,2020-03-11,-8
233,Colorado,2020-03-12,-17
234,Colorado,2020-03-13,-41
235,Colorado,2020-03-14,-45
236,Colorado,2020-03-15,-52
237,Colorado,2020-03-16,-66
238,Colorado,2020-03-17,-98
239,Colorado,2020-03-18,-100
240,Colorado,2020-03-19,-100
241,Colorado,2020-03-20,-100
242,Colorado,2020-03-21,-100
243,Colorado,2020-03-22,-100
244,Colorado,2020-03-23,-100
245,Colorado,2020-03-24,-100
246,Colorado,2020-03-25,-100
247,Colorado,2020-03-26,-100
248,Colorado,2020-03-27,-100
249,Colorado,2020-03-28,-100
250,Colorado,2020-03-29,-100
251,Colorado,2020-03-30,-100
252,Colorado,2020-03-31,-100
253,Colorado,2020-04-01,-100
254,Colorado,2020-04-02,-100
255,Colorado,2020-04-03,-100
256,Colorado,2020-04-04,-100
257,Colorado,2020-04-05,-100
258,Colorado,2020-04-06,-100
259,Colorado,2020-04-07,-100
260,Colorado,2020-04-08,-100
261,Colorado,2020-04-09,-100
262,Colorado,2020-04-10,-100
263,Colorado,2020-04-11,-100
264,Colorado,2020-04-12,-100
265,Colorado,2020-04-13,-100
266,Colorado,2020-04-14,-100
267,Colorado,2020-04-15,-100
268,Colorado,2020-04-16,-100
269,Colorado,2020-04-17,-100
270,Colorado,2020-04-18,-100
271,Colorado,2020-04-19,-100
272,Colorado,2020-04-20,-100
273,Colorado,2020-04-21,-100
274,Colorado,2020-04-22,-100
275,Colorado,2020-04-23,-100
276,Colorado,2020-04-24,-100
277,Colorado,2020-04-25,-100
278,Colorado,2020-04-26,-100
279,Colorado,2020-04-27,-100
280,Connecticut,2020-02-18,8
281,Connecticut,2020-02-19,26
282,Connecticut,2020-02-20,1
283,Connecticut,2020-02-21,-3
284,Connecticut,2020-02-22,-6
285,Connecticut,2020-02-23,2
286,Connecticut,2020-02-24,-2
287,Connecticut,2020-02-25,6
288,Connecticut,2020-02-26,9
289,Connecticut,2020-02-27,-8
290,Connecticut,2020-02-28,-1
291,Connecticut,2020-02-29,4
292,Connecticut,2020-03-01,13
293,Connecticut,2020-03-02,13
294,Connecticut,2020-03-03,-9
295,Connecticut,2020-03-04,-6
296,Connecticut,2020-03-05,-7
297,Connecticut,2020-03-06,-8
298,Connecticut,2020-03-07,-8
299,Connecticut,2020-03-08,0
300,Connecticut,2020-03-09,-12
301,Connecticut,2020-03-10,-20
302,Connecticut,2020-03-11,-20
303,Connecticut,2020-03-12,-43
304,Connecticut,2020-03-13,-50
305,Connecticut,2020-03-14,-58
306,Connecticut,2020-03-15,-57
307,Connecticut,2020-03-16,-55
308,Connecticut,2020-03-17,-100
309,Connecticut,2020-03-18,-100
310,Connecticut,2020-03-19,-100
311,Connecticut,2020-03-20,-100
312,Connecticut,2020-03-21,-100
313,Connecticut,2020-03-22,-100
314,Connecticut,2020-03-23,-100
315,Connecticut,2020-03-24,-100
316,Connecticut,2020-03-25,-100
317,Connecticut,2020-03-26,-100
318,Connecticut,2020-03-27,-100
319,Connecticut,2020-03-28,-100
320,Connecticut,2020-03-29,-100
321,Connecticut,2020-03-30,-100
322,Connecticut,2020-03-31,-100
323,Connecticut,2020-04-01,-100
324,Connecticut,2020-04-02,-100
325,Connecticut,2020-04-03,-100
326,Connecticut,2020-04-04,-100
327,Connecticut,2020-04-05,-100
328,Connecticut,2020-04-06,-100
329,Connecticut,2020-04-07,-100
330,Connecticut,2020-04-08,-100
331,Connecticut,2020-04-09,-100
332,Connecticut,2020-04-10,-100
333,Connecticut,2020-04-11,-100
334,Connecticut,2020-04-12,-100
335,Connecticut,2020-04-13,-100
336,Connecticut,2020-04-14,-100
337,Connecticut,2020-04-15,-100
338,Connecticut,2020-04-16,-100
339,Connecticut,2020-04-17,-100
340,Connecticut,2020-04-18,-100
341,Connecticut,2020-04-19,-100
342,Connecticut,2020-04-20,-100
343,Connecticut,2020-04-21,-100
344,Connecticut,2020-04-22,-100
345,Connecticut,2020-04-23,-100
346,Connecticut,2020-04-24,-100
347,Connecticut,2020-04-25,-100
348,Connecticut,2020-04-26,-100
349,Connecticut,2020-04-27,-100
350,Florida,2020-02-18,0
351,Florida,2020-02-19,-3
352,Florida,2020-02-20,-4
353,Florida,2020-02-21,-5
354,Florida,2020-02-22,2
355,Florida,2020-02-23,2
356,Florida,2020-02-24,2
357,Florida,2020-02-25,5
358,Florida,2020-02-26,3
359,Florida,2020-02-27,4
360,Florida,2020-02-28,2
361,Florida,2020-02-29,0
362,Florida,2020-03-01,-5
363,Florida,2020-03-02,-10
364,Florida,2020-03-03,-10
365,Florida,2020-03-04,-8
366,Florida,2020-03-05,-7
367,Florida,2020-03-06,-5
368,Florida,2020-03-07,-2
369,Florida,2020-03-08,-5
370,Florida,2020-03-09,-18
371,Florida,2020-03-10,-18
372,Florida,2020-03-11,-18
373,Florida,2020-03-12,-23
374,Florida,2020-03-13,-28
375,Florida,2020-03-14,-31
376,Florida,2020-03-15,-38
377,Florida,2020-03-16,-47
378,Florida,2020-03-17,-76
379,Florida,2020-03-18,-84
380,Florida,2020-03-19,-90
381,Florida,2020-03-20,-97
382,Florida,2020-03-21,-100
383,Florida,2020-03-22,-100
384,Florida,2020-03-23,-100
385,Florida,2020-03-24,-100
386,Florida,2020-03-25,-100
387,Florida,2020-03-26,-100
388,Florida,2020-03-27,-100
389,Florida,2020-03-28,-100
390,Florida,2020-03-29,-100
391,Florida,2020-03-30,-100
392,Florida,2020-03-31,-100
393,Florida,2020-04-01,-100
394,Florida,2020-04-02,-100
395,Florida,2020-04-03,-100
396,Florida,2020-04-04,-100
397,Florida,2020-04-05,-100
398,Florida,2020-04-06,-100
399,Florida,2020-04-07,-100
400,Florida,2020-04-08,-100
401,Florida,2020-04-09,-100
402,Florida,2020-04-10,-100
403,Florida,2020-04-11,-100
404,Florida,2020-04-12,-100
405,Florida,2020-04-13,-100
406,Florida,2020-04-14,-100
407,Florida,2020-04-15,-100
408,Florida,2020-04-16,-100
409,Florida,2020-04-17,-100
410,Florida,2020-04-18,-100
411,Florida,2020-04-19,-100
412,Florida,2020-04-20,-100
413,Florida,2020-04-21,-100
414,Florida,2020-04-22,-100
415,Florida,2020-04-23,-100
416,Florida,2020-04-24,-100
417,Florida,2020-04-25,-100
418,Florida,2020-04-26,-100
419,Florida,2020-04-27,-100
420,Georgia,2020-02-18,0
421,Georgia,2020-02-19,4
422,Georgia,2020-02-20,-6
423,Georgia,2020-02-21,-5
424,Georgia,2020-02-22,-2
425,Georgia,2020-02-23,-9
426,Georgia,2020-02-24,-9
427,Georgia,2020-02-25,2
428,Georgia,2020-02-26,-4
429,Georgia,2020-02-27,-4
430,Georgia,2020-02-28,2
431,Georgia,2020-02-29,-3
432,Georgia,2020-03-01,8
433,Georgia,2020-03-02,-12
434,Georgia,2020-03-03,-21
435,Georgia,2020-03-04,-17
436,Georgia,2020-03-05,-12
437,Georgia,2020-03-06,-3
438,Georgia,2020-03-07,-2
439,Georgia,2020-03-08,7
440,Georgia,2020-03-09,-4
441,Georgia,2020-03-10,-15
442,Georgia,2020-03-11,-17
443,Georgia,2020-03-12,-23
444,Georgia,2020-03-13,-34
445,Georgia,2020-03-14,-36
446,Georgia,2020-03-15,-47
447,Georgia,2020-03-16,-66
448,Georgia,2020-03-17,-88
449,Georgia,2020-03-18,-93
450,Georgia,2020-03-19,-95
451,Georgia,2020-03-20,-98
452,Georgia,2020-03-21,-99
453,Georgia,2020-03-22,-100
454,Georgia,2020-03-23,-100
455,Georgia,2020-03-24,-100
456,Georgia,2020-03-25,-100
457,Georgia,2020-03-26,-100
458,Georgia,2020-03-27,-100
459,Georgia,2020-03-28,-100
460,Georgia,2020-03-29,-100
461,Georgia,2020-03-30,-100
462,Georgia,2020-03-31,-100
463,Georgia,2020-04-01,-100
464,Georgia,2020-04-02,-100
465,Georgia,2020-04-03,-100
466,Georgia,2020-04-04,-100
467,Georgia,2020-04-05,-100
468,Georgia,2020-04-06,-100
469,Georgia,2020-04-07,-100
470,Georgia,2020-04-08,-100
471,Georgia,2020-04-09,-100
472,Georgia,2020-04-10,-100
473,Georgia,2020-04-11,-100
474,Georgia,2020-04-12,-100
475,Georgia,2020-04-13,-100
476,Georgia,2020-04-14,-100
477,Georgia,2020-04-15,-100
478,Georgia,2020-04-16,-100
479,Georgia,2020-04-17,-100
480,Georgia,2020-04-18,-100
481,Georgia,2020-04-19,-100
482,Georgia,2020-04-20,-100
483,Georgia,2020-04-21,-100
484,Georgia,2020-04-22,-100
485,Georgia,2020-04-23,-100
486,Georgia,2020-04-24,-100
487,Georgia,2020-04-25,-100
488,Georgia,2020-04-26,-100
489,Georgia,2020-04-27,-98
490,Hawaii,2020-02-18,0
491,Hawaii,2020-02-19,2
492,Hawaii,2020-02-20,4
493,Hawaii,2020-02-21,5
494,Hawaii,2020-02-22,4
495,Hawaii,2020-02-23,3
496,Hawaii,2020-02-24,2
497,Hawaii,2020-02-25,-1
498,Hawaii,2020-02-26,9
499,Hawaii,2020-02-27,6
500,Hawaii,2020-02-28,4
501,Hawaii,2020-02-29,-2
502,Hawaii,2020-03-01,-2
503,Hawaii,2020-03-02,-2
504,Hawaii,2020-03-03,-5
505,Hawaii,2020-03-04,-4
506,Hawaii,2020-03-05,-5
507,Hawaii,2020-03-06,-8
508,Hawaii,2020-03-07,-6
509,Hawaii,2020-03-08,-9
510,Hawaii,2020-03-09,-8
511,Hawaii,2020-03-10,-10
512,Hawaii,2020-03-11,-11
513,Hawaii,2020-03-12,-15
514,Hawaii,2020-03-13,-14
515,Hawaii,2020-03-14,-19
516,Hawaii,2020-03-15,-26
517,Hawaii,2020-03-16,-31
518,Hawaii,2020-03-17,-47
519,Hawaii,2020-03-18,-71
520,Hawaii,2020-03-19,-83
521,Hawaii,2020-03-20,-97
522,Hawaii,2020-03-21,-99
523,Hawaii,2020-03-22,-99
524,Hawaii,2020-03-23,-100
525,Hawaii,2020-03-24,-100
526,Hawaii,2020-03-25,-100
527,Hawaii,2020-03-26,-100
528,Hawaii,2020-03-27,-100
529,Hawaii,2020-03-28,-100
530,Hawaii,2020-03-29,-100
531,Hawaii,2020-03-30,-100
532,Hawaii,2020-03-31,-100
533,Hawaii,2020-04-01,-100
534,Hawaii,2020-04-02,-100
535,Hawaii,2020-04-03,-100
536,Hawaii,2020-04-04,-100
537,Hawaii,2020-04-05,-100
538,Hawaii,2020-04-06,-100
539,Hawaii,2020-04-07,-100
540,Hawaii,2020-04-08,-100
541,Hawaii,2020-04-09,-100
542,Hawaii,2020-04-10,-100
543,Hawaii,2020-04-11,-100
544,Hawaii,2020-04-12,-100
545,Hawaii,2020-04-13,-100
546,Hawaii,2020-04-14,-100
547,Hawaii,2020-04-15,-100
548,Hawaii,2020-04-16,-100
549,Hawaii,2020-04-17,-100
550,Hawaii,2020-04-18,-100
551,Hawaii,2020-04-19,-100
552,Hawaii,2020-04-20,-100
553,Hawaii,2020-04-21,-100
554,Hawaii,2020-04-22,-100
555,Hawaii,2020-04-23,-100
556,Hawaii,2020-04-24,-100
557,Hawaii,2020-04-25,-100
558,Hawaii,2020-04-26,-100
559,Hawaii,2020-04-27,-100
560,Illinois,2020-02-18,-4
561,Illinois,2020-02-19,4
562,Illinois,2020-02-20,-2
563,Illinois,2020-02-21,-3
564,Illinois,2020-02-22,6
565,Illinois,2020-02-23,11
566,Illinois,2020-02-24,-5
567,Illinois,2020-02-25,-14
568,Illinois,2020-02-26,-14
569,Illinois,2020-02-27,-9
570,Illinois,2020-02-28,-6
571,Illinois,2020-02-29,0
572,Illinois,2020-03-01,2
573,Illinois,2020-03-02,-13
574,Illinois,2020-03-03,-12
575,Illinois,2020-03-04,-3
576,Illinois,2020-03-05,-5
577,Illinois,2020-03-06,-7
578,Illinois,2020-03-07,4
579,Illinois,2020-03-08,4
580,Illinois,2020-03-09,-21
581,Illinois,2020-03-10,-18
582,Illinois,2020-03-11,-22
583,Illinois,2020-03-12,-26
584,Illinois,2020-03-13,-35
585,Illinois,2020-03-14,-47
586,Illinois,2020-03-15,-51
587,Illinois,2020-03-16,-61
588,Illinois,2020-03-17,-100
589,Illinois,2020-03-18,-100
590,Illinois,2020-03-19,-100
591,Illinois,2020-03-20,-100
592,Illinois,2020-03-21,-100
593,Illinois,2020-03-22,-100
594,Illinois,2020-03-23,-100
595,Illinois,2020-03-24,-100
596,Illinois,2020-03-25,-100
597,Illinois,2020-03-26,-100
598,Illinois,2020-03-27,-100
599,Illinois,2020-03-28,-100
600,Illinois,2020-03-29,-100
601,Illinois,2020-03-30,-100
602,Illinois,2020-03-31,-100
603,Illinois,2020-04-01,-100
604,Illinois,2020-04-02,-100
605,Illinois,2020-04-03,-100
606,Illinois,2020-04-04,-100
607,Illinois,2020-04-05,-100
608,Illinois,2020-04-06,-100
609,Illinois,2020-04-07,-100
610,Illinois,2020-04-08,-100
611,Illinois,2020-04-09,-100
612,Illinois,2020-04-10,-100
613,Illinois,2020-04-11,-100
614,Illinois,2020-04-12,-100
615,Illinois,2020-04-13,-100
616,Illinois,2020-04-14,-100
617,Illinois,2020-04-15,-100
618,Illinois,2020-04-16,-100
619,Illinois,2020-04-17,-100
620,Illinois,2020-04-18,-100
621,Illinois,2020-04-19,-100
622,Illinois,2020-04-20,-100
623,Illinois,2020-04-21,-100
624,Illinois,2020-04-22,-100
625,Illinois,2020-04-23,-100
626,Illinois,2020-04-24,-100
627,Illinois,2020-04-25,-100
628,Illinois,2020-04-26,-100
629,Illinois,2020-04-27,-100
630,Indiana,2020-02-18,21
631,Indiana,2020-02-19,13
632,Indiana,2020-02-20,-15
633,Indiana,2020-02-21,-8
634,Indiana,2020-02-22,3
635,Indiana,2020-02-23,13
636,Indiana,2020-02-24,6
637,Indiana,2020-02-25,3
638,Indiana,2020-02-26,-5
639,Indiana,2020-02-27,-8
640,Indiana,2020-02-28,-1
641,Indiana,2020-02-29,4
642,Indiana,2020-03-01,18
643,Indiana,2020-03-02,1
644,Indiana,2020-03-03,-3
645,Indiana,2020-03-04,3
646,Indiana,2020-03-05,5
647,Indiana,2020-03-06,1
648,Indiana,2020-03-07,4
649,Indiana,2020-03-08,4
650,Indiana,2020-03-09,-17
651,Indiana,2020-03-10,-11
652,Indiana,2020-03-11,-16
653,Indiana,2020-03-12,-29
654,Indiana,2020-03-13,-34
655,Indiana,2020-03-14,-48
656,Indiana,2020-03-15,-51
657,Indiana,2020-03-16,-67
658,Indiana,2020-03-17,-96
659,Indiana,2020-03-18,-97
660,Indiana,2020-03-19,-100
661,Indiana,2020-03-20,-100
662,Indiana,2020-03-21,-100
663,Indiana,2020-03-22,-100
664,Indiana,2020-03-23,-100
665,Indiana,2020-03-24,-100
666,Indiana,2020-03-25,-100
667,Indiana,2020-03-26,-100
668,Indiana,2020-03-27,-100
669,Indiana,2020-03-28,-100
670,Indiana,2020-03-29,-100
671,Indiana,2020-03-30,-100
672,Indiana,2020-03-31,-100
673,Indiana,2020-04-01,-100
674,Indiana,2020-04-02,-100
675,Indiana,2020-04-03,-100
676,Indiana,2020-04-04,-100
677,Indiana,2020-04-05,-100
678,Indiana,2020-04-06,-100
679,Indiana,2020-04-07,-100
680,Indiana,2020-04-08,-100
681,Indiana,2020-04-09,-100
682,Indiana,2020-04-10,-100
683,Indiana,2020-04-11,-100
684,Indiana,2020-04-12,-100
685,Indiana,2020-04-13,-100
686,Indiana,2020-04-14,-100
687,Indiana,2020-04-15,-100
688,Indiana,2020-04-16,-100
689,Indiana,2020-04-17,-100
690,Indiana,2020-04-18,-100
691,Indiana,2020-04-19,-100
692,Indiana,2020-04-20,-100
693,Indiana,2020-04-21,-100
694,Indiana,2020-04-22,-100
695,Indiana,2020-04-23,-100
696,Indiana,2020-04-24,-100
697,Indiana,2020-04-25,-100
698,Indiana,2020-04-26,-100
699,Indiana,2020-04-27,-100
700,Kansas,2020-02-18,39
701,Kansas,2020-02-19,2
702,Kansas,2020-02-20,-14
703,Kansas,2020-02-21,-11
704,Kansas,2020-02-22,-4
705,Kansas,2020-02-23,-6
706,Kansas,2020-02-24,-12
707,Kansas,2020-02-25,-3
708,Kansas,2020-02-26,5
709,Kansas,2020-02-27,-20
710,Kansas,2020-02-28,-14
711,Kansas,2020-02-29,2
712,Kansas,2020-03-01,69
713,Kansas,2020-03-02,-13
714,Kansas,2020-03-03,-14
715,Kansas,2020-03-04,-8
716,Kansas,2020-03-05,-10
717,Kansas,2020-03-06,-10
718,Kansas,2020-03-07,-8
719,Kansas,2020-03-08,-9
720,Kansas,2020-03-09,-21
721,Kansas,2020-03-10,-6
722,Kansas,2020-03-11,-9
723,Kansas,2020-03-12,-1
724,Kansas,2020-03-13,-35
725,Kansas,2020-03-14,-39
726,Kansas,2020-03-15,-55
727,Kansas,2020-03-16,-67
728,Kansas,2020-03-17,-79
729,Kansas,2020-03-18,-94
730,Kansas,2020-03-19,-99
731,Kansas,2020-03-20,-99
732,Kansas,2020-03-21,-99
733,Kansas,2020-03-22,-100
734,Kansas,2020-03-23,-99
735,Kansas,2020-03-24,-100
736,Kansas,2020-03-25,-100
737,Kansas,2020-03-26,-100
738,Kansas,2020-03-27,-100
739,Kansas,2020-03-28,-100
740,Kansas,2020-03-29,-100
741,Kansas,2020-03-30,-100
742,Kansas,2020-03-31,-100
743,Kansas,2020-04-01,-100
744,Kansas,2020-04-02,-100
745,Kansas,2020-04-03,-100
746,Kansas,2020-04-04,-100
747,Kansas,2020-04-05,-100
748,Kansas,2020-04-06,-100
749,Kansas,2020-04-07,-100
750,Kansas,2020-04-08,-100
751,Kansas,2020-04-09,-100
752,Kansas,2020-04-10,-100
753,Kansas,2020-04-11,-100
754,Kansas,2020-04-12,-100
755,Kansas,2020-04-13,-100
756,Kansas,2020-04-14,-100
757,Kansas,2020-04-15,-100
758,Kansas,2020-04-16,-100
759,Kansas,2020-04-17,-100
760,Kansas,2020-04-18,-100
761,Kansas,2020-04-19,-100
762,Kansas,2020-04-20,-100
763,Kansas,2020-04-21,-100
764,Kansas,2020-04-22,-100
765,Kansas,2020-04-23,-100
766,Kansas,2020-04-24,-100
767,Kansas,2020-04-25,-100
768,Kansas,2020-04-26,-100
769,Kansas,2020-04-27,-100
770,Kentucky,2020-02-18,11
771,Kentucky,2020-02-19,14
772,Kentucky,2020-02-20,2
773,Kentucky,2020-02-21,6
774,Kentucky,2020-02-22,11
775,Kentucky,2020-02-23,-2
776,Kentucky,2020-02-24,2
777,Kentucky,2020-02-25,-7
778,Kentucky,2020-02-26,-14
779,Kentucky,2020-02-27,-8
780,Kentucky,2020-02-28,0
781,Kentucky,2020-02-29,17
782,Kentucky,2020-03-01,19
783,Kentucky,2020-03-02,-5
784,Kentucky,2020-03-03,0
785,Kentucky,2020-03-04,-6
786,Kentucky,2020-03-05,4
787,Kentucky,2020-03-06,-3
788,Kentucky,2020-03-07,1
789,Kentucky,2020-03-08,3
790,Kentucky,2020-03-09,-17
791,Kentucky,2020-03-10,-21
792,Kentucky,2020-03-11,-20
793,Kentucky,2020-03-12,-26
794,Kentucky,2020-03-13,-30
795,Kentucky,2020-03-14,-46
796,Kentucky,2020-03-15,-55
797,Kentucky,2020-03-16,-74
798,Kentucky,2020-03-17,-100
799,Kentucky,2020-03-18,-100
800,Kentucky,2020-03-19,-100
801,Kentucky,2020-03-20,-100
802,Kentucky,2020-03-21,-99
803,Kentucky,2020-03-22,-98
804,Kentucky,2020-03-23,-98
805,Kentucky,2020-03-24,-98
806,Kentucky,2020-03-25,-98
807,Kentucky,2020-03-26,-98
808,Kentucky,2020-03-27,-99
809,Kentucky,2020-03-28,-98
810,Kentucky,2020-03-29,-100
811,Kentucky,2020-03-30,-99
812,Kentucky,2020-03-31,-98
813,Kentucky,2020-04-01,-100
814,Kentucky,2020-04-02,-99
815,Kentucky,2020-04-03,-97
816,Kentucky,2020-04-04,-97
817,Kentucky,2020-04-05,-98
818,Kentucky,2020-04-06,-100
819,Kentucky,2020-04-07,-99
820,Kentucky,2020-04-08,-97
821,Kentucky,2020-04-09,-100
822,Kentucky,2020-04-10,-98
823,Kentucky,2020-04-11,-97
824,Kentucky,2020-04-12,-100
825,Kentucky,2020-04-13,-100
826,Kentucky,2020-04-14,-98
827,Kentucky,2020-04-15,-97
828,Kentucky,2020-04-16,-95
829,Kentucky,2020-04-17,-98
830,Kentucky,2020-04-18,-97
831,Kentucky,2020-04-19,-97
832,Kentucky,2020-04-20,-100
833,Kentucky,2020-04-21,-97
834,Kentucky,2020-04-22,-96
835,Kentucky,2020-04-23,-97
836,Kentucky,2020-04-24,-96
837,Kentucky,2020-04-25,-97
838,Kentucky,2020-04-26,-99
839,Kentucky,2020-04-27,-100
840,Louisiana,2020-02-18,-6
841,Louisiana,2020-02-19,2
842,Louisiana,2020-02-20,9
843,Louisiana,2020-02-21,10
844,Louisiana,2020-02-22,2
845,Louisiana,2020-02-23,11
846,Louisiana,2020-02-24,80
847,Louisiana,2020-02-25,78
848,Louisiana,2020-02-26,4
849,Louisiana,2020-02-27,-15
850,Louisiana,2020-02-28,-10
851,Louisiana,2020-02-29,-1
852,Louisiana,2020-03-01,-19
853,Louisiana,2020-03-02,-42
854,Louisiana,2020-03-03,-53
855,Louisiana,2020-03-04,-25
856,Louisiana,2020-03-05,6
857,Louisiana,2020-03-06,5
858,Louisiana,2020-03-07,5
859,Louisiana,2020-03-08,-2
860,Louisiana,2020-03-09,-8
861,Louisiana,2020-03-10,-13
862,Louisiana,2020-03-11,-16
863,Louisiana,2020-03-12,-23
864,Louisiana,2020-03-13,-28
865,Louisiana,2020-03-14,-34
866,Louisiana,2020-03-15,-50
867,Louisiana,2020-03-16,-55
868,Louisiana,2020-03-17,-100
869,Louisiana,2020-03-18,-100
870,Louisiana,2020-03-19,-100
871,Louisiana,2020-03-20,-100
872,Louisiana,2020-03-21,-100
873,Louisiana,2020-03-22,-100
874,Louisiana,2020-03-23,-100
875,Louisiana,2020-03-24,-100
876,Louisiana,2020-03-25,-100
877,Louisiana,2020-03-26,-100
878,Louisiana,2020-03-27,-100
879,Louisiana,2020-03-28,-100
880,Louisiana,2020-03-29,-100
881,Louisiana,2020-03-30,-100
882,Louisiana,2020-03-31,-100
883,Louisiana,2020-04-01,-100
884,Louisiana,2020-04-02,-100
885,Louisiana,2020-04-03,-100
886,Louisiana,2020-04-04,-100
887,Louisiana,2020-04-05,-100
888,Louisiana,2020-04-06,-100
889,Louisiana,2020-04-07,-100
890,Louisiana,2020-04-08,-100
891,Louisiana,2020-04-09,-100
892,Louisiana,2020-04-10,-100
893,Louisiana,2020-04-11,-100
894,Louisiana,2020-04-12,-100
895,Louisiana,2020-04-13,-100
896,Louisiana,2020-04-14,-100
897,Louisiana,2020-04-15,-100
898,Louisiana,2020-04-16,-100
899,Louisiana,2020-04-17,-100
900,Louisiana,2020-04-18,-100
901,Louisiana,2020-04-19,-100
902,Louisiana,2020-04-20,-100
903,Louisiana,2020-04-21,-100
904,Louisiana,2020-04-22,-100
905,Louisiana,2020-04-23,-100
906,Louisiana,2020-04-24,-100
907,Louisiana,2020-04-25,-100
908,Louisiana,2020-04-26,-100
909,Louisiana,2020-04-27,-100
910,Maryland,2020-02-18,6
911,Maryland,2020-02-19,70
912,Maryland,2020-02-20,4
913,Maryland,2020-02-21,1
914,Maryland,2020-02-22,8
915,Maryland,2020-02-23,8
916,Maryland,2020-02-24,8
917,Maryland,2020-02-25,-3
918,Maryland,2020-02-26,-8
919,Maryland,2020-02-27,-1
920,Maryland,2020-02-28,10
921,Maryland,2020-02-29,0
922,Maryland,2020-03-01,25
923,Maryland,2020-03-02,-5
924,Maryland,2020-03-03,-4
925,Maryland,2020-03-04,11
926,Maryland,2020-03-05,-5
927,Maryland,2020-03-06,2
928,Maryland,2020-03-07,-2
929,Maryland,2020-03-08,-1
930,Maryland,2020-03-09,-6
931,Maryland,2020-03-10,-18
932,Maryland,2020-03-11,-21
933,Maryland,2020-03-12,-33
934,Maryland,2020-03-13,-37
935,Maryland,2020-03-14,-59
936,Maryland,2020-03-15,-67
937,Maryland,2020-03-16,-71
938,Maryland,2020-03-17,-100
939,Maryland,2020-03-18,-100
940,Maryland,2020-03-19,-100
941,Maryland,2020-03-20,-100
942,Maryland,2020-03-21,-100
943,Maryland,2020-03-22,-100
944,Maryland,2020-03-23,-100
945,Maryland,2020-03-24,-100
946,Maryland,2020-03-25,-100
947,Maryland,2020-03-26,-100
948,Maryland,2020-03-27,-100
949,Maryland,2020-03-28,-100
950,Maryland,2020-03-29,-100
951,Maryland,2020-03-30,-100
952,Maryland,2020-03-31,-100
953,Maryland,2020-04-01,-100
954,Maryland,2020-04-02,-100
955,Maryland,2020-04-03,-100
956,Maryland,2020-04-04,-100
957,Maryland,2020-04-05,-100
958,Maryland,2020-04-06,-100
959,Maryland,2020-04-07,-100
960,Maryland,2020-04-08,-100
961,Maryland,2020-04-09,-100
962,Maryland,2020-04-10,-100
963,Maryland,2020-04-11,-100
964,Maryland,2020-04-12,-100
965,Maryland,2020-04-13,-100
966,Maryland,2020-04-14,-100
967,Maryland,2020-04-15,-100
968,Maryland,2020-04-16,-100
969,Maryland,2020-04-17,-100
970,Maryland,2020-04-18,-100
971,Maryland,2020-04-19,-100
972,Maryland,2020-04-20,-100
973,Maryland,2020-04-21,-100
974,Maryland,2020-04-22,-100
975,Maryland,2020-04-23,-100
976,Maryland,2020-04-24,-100
977,Maryland,2020-04-25,-100
978,Maryland,2020-04-26,-100
979,Maryland,2020-04-27,-100
980,Massachusetts,2020-02-18,0
981,Massachusetts,2020-02-19,7
982,Massachusetts,2020-02-20,5
983,Massachusetts,2020-02-21,-7
984,Massachusetts,2020-02-22,-1
985,Massachusetts,2020-02-23,11
986,Massachusetts,2020-02-24,4
987,Massachusetts,2020-02-25,1
988,Massachusetts,2020-02-26,1
989,Massachusetts,2020-02-27,5
990,Massachusetts,2020-02-28,-2
991,Massachusetts,2020-02-29,26
992,Massachusetts,2020-03-01,-1
993,Massachusetts,2020-03-02,13
994,Massachusetts,2020-03-03,-4
995,Massachusetts,2020-03-04,-5
996,Massachusetts,2020-03-05,4
997,Massachusetts,2020-03-06,-6
998,Massachusetts,2020-03-07,-5
999,Massachusetts,2020-03-08,13
1000,Massachusetts,2020-03-09,-13
1001,Massachusetts,2020-03-10,-22
1002,Massachusetts,2020-03-11,-25
1003,Massachusetts,2020-03-12,-41
1004,Massachusetts,2020-03-13,-52
1005,Massachusetts,2020-03-14,-41
1006,Massachusetts,2020-03-15,-53
1007,Massachusetts,2020-03-16,-76
1008,Massachusetts,2020-03-17,-100
1009,Massachusetts,2020-03-18,-100
1010,Massachusetts,2020-03-19,-100
1011,Massachusetts,2020-03-20,-100
1012,Massachusetts,2020-03-21,-100
1013,Massachusetts,2020-03-22,-100
1014,Massachusetts,2020-03-23,-100
1015,Massachusetts,2020-03-24,-100
1016,Massachusetts,2020-03-25,-100
1017,Massachusetts,2020-03-26,-100
1018,Massachusetts,2020-03-27,-100
1019,Massachusetts,2020-03-28,-100
1020,Massachusetts,2020-03-29,-100
1021,Massachusetts,2020-03-30,-100
1022,Massachusetts,2020-03-31,-100
1023,Massachusetts,2020-04-01,-100
1024,Massachusetts,2020-04-02,-100
1025,Massachusetts,2020-04-03,-100
1026,Massachusetts,2020-04-04,-100
1027,Massachusetts,2020-04-05,-100
1028,Massachusetts,2020-04-06,-100
1029,Massachusetts,2020-04-07,-100
1030,Massachusetts,2020-04-08,-100
1031,Massachusetts,2020-04-09,-100
1032,Massachusetts,2020-04-10,-100
1033,Massachusetts,2020-04-11,-100
1034,Massachusetts,2020-04-12,-100
1035,Massachusetts,2020-04-13,-100
1036,Massachusetts,2020-04-14,-100
1037,Massachusetts,2020-04-15,-100
1038,Massachusetts,2020-04-16,-100
1039,Massachusetts,2020-04-17,-100
1040,Massachusetts,2020-04-18,-100
1041,Massachusetts,2020-04-19,-100
1042,Massachusetts,2020-04-20,-100
1043,Massachusetts,2020-04-21,-100
1044,Massachusetts,2020-04-22,-100
1045,Massachusetts,2020-04-23,-100
1046,Massachusetts,2020-04-24,-100
1047,Massachusetts,2020-04-25,-100
1048,Massachusetts,2020-04-26,-100
1049,Massachusetts,2020-04-27,-100
1050,Michigan,2020-02-18,-12
1051,Michigan,2020-02-19,0
1052,Michigan,2020-02-20,-9
1053,Michigan,2020-02-21,-12
1054,Michigan,2020-02-22,0
1055,Michigan,2020-02-23,18
1056,Michigan,2020-02-24,1
1057,Michigan,2020-02-25,-8
1058,Michigan,2020-02-26,-27
1059,Michigan,2020-02-27,-19
1060,Michigan,2020-02-28,-12
1061,Michigan,2020-02-29,-6
1062,Michigan,2020-03-01,-4
1063,Michigan,2020-03-02,4
1064,Michigan,2020-03-03,-13
1065,Michigan,2020-03-04,-1
1066,Michigan,2020-03-05,-4
1067,Michigan,2020-03-06,-9
1068,Michigan,2020-03-07,6
1069,Michigan,2020-03-08,1
1070,Michigan,2020-03-09,-14
1071,Michigan,2020-03-10,-10
1072,Michigan,2020-03-11,-18
1073,Michigan,2020-03-12,-21
1074,Michigan,2020-03-13,-43
1075,Michigan,2020-03-14,-49
1076,Michigan,2020-03-15,-54
1077,Michigan,2020-03-16,-78
1078,Michigan,2020-03-17,-100
1079,Michigan,2020-03-18,-100
1080,Michigan,2020-03-19,-100
1081,Michigan,2020-03-20,-100
1082,Michigan,2020-03-21,-100
1083,Michigan,2020-03-22,-100
1084,Michigan,2020-03-23,-100
1085,Michigan,2020-03-24,-100
1086,Michigan,2020-03-25,-100
1087,Michigan,2020-03-26,-100
1088,Michigan,2020-03-27,-100
1089,Michigan,2020-03-28,-100
1090,Michigan,2020-03-29,-100
1091,Michigan,2020-03-30,-100
1092,Michigan,2020-03-31,-100
1093,Michigan,2020-04-01,-100
1094,Michigan,2020-04-02,-100
1095,Michigan,2020-04-03,-100
1096,Michigan,2020-04-04,-100
1097,Michigan,2020-04-05,-100
1098,Michigan,2020-04-06,-100
1099,Michigan,2020-04-07,-100
1100,Michigan,2020-04-08,-100
1101,Michigan,2020-04-09,-100
1102,Michigan,2020-04-10,-100
1103,Michigan,2020-04-11,-100
1104,Michigan,2020-04-12,-100
1105,Michigan,2020-04-13,-100
1106,Michigan,2020-04-14,-100
1107,Michigan,2020-04-15,-100
1108,Michigan,2020-04-16,-100
1109,Michigan,2020-04-17,-100
1110,Michigan,2020-04-18,-100
1111,Michigan,2020-04-19,-100
1112,Michigan,2020-04-20,-100
1113,Michigan,2020-04-21,-100
1114,Michigan,2020-04-22,-100
1115,Michigan,2020-04-23,-100
1116,Michigan,2020-04-24,-100
1117,Michigan,2020-04-25,-100
1118,Michigan,2020-04-26,-100
1119,Michigan,2020-04-27,-100
1120,Minnesota,2020-02-18,-11
1121,Minnesota,2020-02-19,51
1122,Minnesota,2020-02-20,-15
1123,Minnesota,2020-02-21,-9
1124,Minnesota,2020-02-22,17
1125,Minnesota,2020-02-23,22
1126,Minnesota,2020-02-24,2
1127,Minnesota,2020-02-25,19
1128,Minnesota,2020-02-26,-1
1129,Minnesota,2020-02-27,7
1130,Minnesota,2020-02-28,33
1131,Minnesota,2020-02-29,1
1132,Minnesota,2020-03-01,-1
1133,Minnesota,2020-03-02,-9
1134,Minnesota,2020-03-03,-2
1135,Minnesota,2020-03-04,-3
1136,Minnesota,2020-03-05,-17
1137,Minnesota,2020-03-06,-12
1138,Minnesota,2020-03-07,59
1139,Minnesota,2020-03-08,13
1140,Minnesota,2020-03-09,-17
1141,Minnesota,2020-03-10,-12
1142,Minnesota,2020-03-11,-18
1143,Minnesota,2020-03-12,-24
1144,Minnesota,2020-03-13,-30
1145,Minnesota,2020-03-14,-43
1146,Minnesota,2020-03-15,-51
1147,Minnesota,2020-03-16,-72
1148,Minnesota,2020-03-17,-98
1149,Minnesota,2020-03-18,-100
1150,Minnesota,2020-03-19,-100
1151,Minnesota,2020-03-20,-100
1152,Minnesota,2020-03-21,-100
1153,Minnesota,2020-03-22,-100
1154,Minnesota,2020-03-23,-100
1155,Minnesota,2020-03-24,-100
1156,Minnesota,2020-03-25,-100
1157,Minnesota,2020-03-26,-100
1158,Minnesota,2020-03-27,-100
1159,Minnesota,2020-03-28,-100
1160,Minnesota,2020-03-29,-100
1161,Minnesota,2020-03-30,-100
1162,Minnesota,2020-03-31,-100
1163,Minnesota,2020-04-01,-100
1164,Minnesota,2020-04-02,-100
1165,Minnesota,2020-04-03,-100
1166,Minnesota,2020-04-04,-100
1167,Minnesota,2020-04-05,-100
1168,Minnesota,2020-04-06,-100
1169,Minnesota,2020-04-07,-100
1170,Minnesota,2020-04-08,-100
1171,Minnesota,2020-04-09,-100
1172,Minnesota,2020-04-10,-100
1173,Minnesota,2020-04-11,-100
1174,Minnesota,2020-04-12,-100
1175,Minnesota,2020-04-13,-100
1176,Minnesota,2020-04-14,-100
1177,Minnesota,2020-04-15,-100
1178,Minnesota,2020-04-16,-100
1179,Minnesota,2020-04-17,-100
1180,Minnesota,2020-04-18,-100
1181,Minnesota,2020-04-19,-100
1182,Minnesota,2020-04-20,-100
1183,Minnesota,2020-04-21,-100
1184,Minnesota,2020-04-22,-100
1185,Minnesota,2020-04-23,-100
1186,Minnesota,2020-04-24,-100
1187,Minnesota,2020-04-25,-100
1188,Minnesota,2020-04-26,-100
1189,Minnesota,2020-04-27,-100
1190,Missouri,2020-02-18,32
1191,Missouri,2020-02-19,17
1192,Missouri,2020-02-20,-1
1193,Missouri,2020-02-21,3
1194,Missouri,2020-02-22,1
1195,Missouri,2020-02-23,-3
1196,Missouri,2020-02-24,-7
1197,Missouri,2020-02-25,-2
1198,Missouri,2020-02-26,-11
1199,Missouri,2020-02-27,-8
1200,Missouri,2020-02-28,-13
1201,Missouri,2020-02-29,2
1202,Missouri,2020-03-01,72
1203,Missouri,2020-03-02,8
1204,Missouri,2020-03-03,0
1205,Missouri,2020-03-04,-3
1206,Missouri,2020-03-05,4
1207,Missouri,2020-03-06,0
1208,Missouri,2020-03-07,-5
1209,Missouri,2020-03-08,-10
1210,Missouri,2020-03-09,-13
1211,Missouri,2020-03-10,-10
1212,Missouri,2020-03-11,-12
1213,Missouri,2020-03-12,-25
1214,Missouri,2020-03-13,-29
1215,Missouri,2020-03-14,-42
1216,Missouri,2020-03-15,-45
1217,Missouri,2020-03-16,-65
1218,Missouri,2020-03-17,-88
1219,Missouri,2020-03-18,-90
1220,Missouri,2020-03-19,-97
1221,Missouri,2020-03-20,-100
1222,Missouri,2020-03-21,-100
1223,Missouri,2020-03-22,-100
1224,Missouri,2020-03-23,-100
1225,Missouri,2020-03-24,-100
1226,Missouri,2020-03-25,-100
1227,Missouri,2020-03-26,-100
1228,Missouri,2020-03-27,-100
1229,Missouri,2020-03-28,-100
1230,Missouri,2020-03-29,-100
1231,Missouri,2020-03-30,-100
1232,Missouri,2020-03-31,-100
1233,Missouri,2020-04-01,-100
1234,Missouri,2020-04-02,-100
1235,Missouri,2020-04-03,-100
1236,Missouri,2020-04-04,-100
1237,Missouri,2020-04-05,-100
1238,Missouri,2020-04-06,-100
1239,Missouri,2020-04-07,-100
1240,Missouri,2020-04-08,-100
1241,Missouri,2020-04-09,-100
1242,Missouri,2020-04-10,-100
1243,Missouri,2020-04-11,-100
1244,Missouri,2020-04-12,-100
1245,Missouri,2020-04-13,-100
1246,Missouri,2020-04-14,-100
1247,Missouri,2020-04-15,-100
1248,Missouri,2020-04-16,-100
1249,Missouri,2020-04-17,-100
1250,Missouri,2020-04-18,-100
1251,Missouri,2020-04-19,-100
1252,Missouri,2020-04-20,-100
1253,Missouri,2020-04-21,-100
1254,Missouri,2020-04-22,-100
1255,Missouri,2020-04-23,-100
1256,Missouri,2020-04-24,-100
1257,Missouri,2020-04-25,-100
1258,Missouri,2020-04-26,-100
1259,Missouri,2020-04-27,-100
1260,Nebraska,2020-02-18,30
1261,Nebraska,2020-02-19,8
1262,Nebraska,2020-02-20,6
1263,Nebraska,2020-02-21,-1
1264,Nebraska,2020-02-22,163
1265,Nebraska,2020-02-23,60
1266,Nebraska,2020-02-24,4
1267,Nebraska,2020-02-25,3
1268,Nebraska,2020-02-26,-16
1269,Nebraska,2020-02-27,-6
1270,Nebraska,2020-02-28,-15
1271,Nebraska,2020-02-29,5
1272,Nebraska,2020-03-01,-2
1273,Nebraska,2020-03-02,16
1274,Nebraska,2020-03-03,-14
1275,Nebraska,2020-03-04,1
1276,Nebraska,2020-03-05,-1
1277,Nebraska,2020-03-06,-18
1278,Nebraska,2020-03-07,-10
1279,Nebraska,2020-03-08,-4
1280,Nebraska,2020-03-09,-34
1281,Nebraska,2020-03-10,-11
1282,Nebraska,2020-03-11,-16
1283,Nebraska,2020-03-12,-2
1284,Nebraska,2020-03-13,-31
1285,Nebraska,2020-03-14,-32
1286,Nebraska,2020-03-15,-44
1287,Nebraska,2020-03-16,-59
1288,Nebraska,2020-03-17,-95
1289,Nebraska,2020-03-18,-100
1290,Nebraska,2020-03-19,-99
1291,Nebraska,2020-03-20,-100
1292,Nebraska,2020-03-21,-100
1293,Nebraska,2020-03-22,-100
1294,Nebraska,2020-03-23,-100
1295,Nebraska,2020-03-24,-100
1296,Nebraska,2020-03-25,-100
1297,Nebraska,2020-03-26,-100
1298,Nebraska,2020-03-27,-100
1299,Nebraska,2020-03-28,-100
1300,Nebraska,2020-03-29,-100
1301,Nebraska,2020-03-30,-100
1302,Nebraska,2020-03-31,-100
1303,Nebraska,2020-04-01,-100
1304,Nebraska,2020-04-02,-100
1305,Nebraska,2020-04-03,-100
1306,Nebraska,2020-04-04,-100
1307,Nebraska,2020-04-05,-100
1308,Nebraska,2020-04-06,-100
1309,Nebraska,2020-04-07,-100
1310,Nebraska,2020-04-08,-100
1311,Nebraska,2020-04-09,-100
1312,Nebraska,2020-04-10,-100
1313,Nebraska,2020-04-11,-100
1314,Nebraska,2020-04-12,-100
1315,Nebraska,2020-04-13,-100
1316,Nebraska,2020-04-14,-100
1317,Nebraska,2020-04-15,-100
1318,Nebraska,2020-04-16,-100
1319,Nebraska,2020-04-17,-100
1320,Nebraska,2020-04-18,-100
1321,Nebraska,2020-04-19,-100
1322,Nebraska,2020-04-20,-100
1323,Nebraska,2020-04-21,-100
1324,Nebraska,2020-04-22,-100
1325,Nebraska,2020-04-23,-100
1326,Nebraska,2020-04-24,-100
1327,Nebraska,2020-04-25,-100
1328,Nebraska,2020-04-26,-100
1329,Nebraska,2020-04-27,-100
1330,Nevada,2020-02-18,-19
1331,Nevada,2020-02-19,-18
1332,Nevada,2020-02-20,-1
1333,Nevada,2020-02-21,1
1334,Nevada,2020-02-22,-4
1335,Nevada,2020-02-23,8
1336,Nevada,2020-02-24,1
1337,Nevada,2020-02-25,-1
1338,Nevada,2020-02-26,-14
1339,Nevada,2020-02-27,-7
1340,Nevada,2020-02-28,-6
1341,Nevada,2020-02-29,-4
1342,Nevada,2020-03-01,-15
1343,Nevada,2020-03-02,-28
1344,Nevada,2020-03-03,-27
1345,Nevada,2020-03-04,-11
1346,Nevada,2020-03-05,-10
1347,Nevada,2020-03-06,-6
1348,Nevada,2020-03-07,-6
1349,Nevada,2020-03-08,-7
1350,Nevada,2020-03-09,-11
1351,Nevada,2020-03-10,-18
1352,Nevada,2020-03-11,-12
1353,Nevada,2020-03-12,-21
1354,Nevada,2020-03-13,-31
1355,Nevada,2020-03-14,-40
1356,Nevada,2020-03-15,-37
1357,Nevada,2020-03-16,-69
1358,Nevada,2020-03-17,-94
1359,Nevada,2020-03-18,-99
1360,Nevada,2020-03-19,-100
1361,Nevada,2020-03-20,-100
1362,Nevada,2020-03-21,-100
1363,Nevada,2020-03-22,-100
1364,Nevada,2020-03-23,-100
1365,Nevada,2020-03-24,-100
1366,Nevada,2020-03-25,-100
1367,Nevada,2020-03-26,-100
1368,Nevada,2020-03-27,-100
1369,Nevada,2020-03-28,-100
1370,Nevada,2020-03-29,-100
1371,Nevada,2020-03-30,-100
1372,Nevada,2020-03-31,-100
1373,Nevada,2020-04-01,-100
1374,Nevada,2020-04-02,-100
1375,Nevada,2020-04-03,-100
1376,Nevada,2020-04-04,-100
1377,Nevada,2020-04-05,-100
1378,Nevada,2020-04-06,-100
1379,Nevada,2020-04-07,-100
1380,Nevada,2020-04-08,-100
1381,Nevada,2020-04-09,-100
1382,Nevada,2020-04-10,-100
1383,Nevada,2020-04-11,-100
1384,Nevada,2020-04-12,-100
1385,Nevada,2020-04-13,-100
1386,Nevada,2020-04-14,-100
1387,Nevada,2020-04-15,-100
1388,Nevada,2020-04-16,-100
1389,Nevada,2020-04-17,-100
1390,Nevada,2020-04-18,-100
1391,Nevada,2020-04-19,-100
1392,Nevada,2020-04-20,-100
1393,Nevada,2020-04-21,-100
1394,Nevada,2020-04-22,-100
1395,Nevada,2020-04-23,-100
1396,Nevada,2020-04-24,-100
1397,Nevada,2020-04-25,-100
1398,Nevada,2020-04-26,-100
1399,Nevada,2020-04-27,-100
1400,New Jersey,2020-02-18,3
1401,New Jersey,2020-02-19,70
1402,New Jersey,2020-02-20,-4
1403,New Jersey,2020-02-21,-2
1404,New Jersey,2020-02-22,3
1405,New Jersey,2020-02-23,12
1406,New Jersey,2020-02-24,6
1407,New Jersey,2020-02-25,-7
1408,New Jersey,2020-02-26,-9
1409,New Jersey,2020-02-27,-8
1410,New Jersey,2020-02-28,1
1411,New Jersey,2020-02-29,3
1412,New Jersey,2020-03-01,10
1413,New Jersey,2020-03-02,-5
1414,New Jersey,2020-03-03,-12
1415,New Jersey,2020-03-04,-2
1416,New Jersey,2020-03-05,-4
1417,New Jersey,2020-03-06,-16
1418,New Jersey,2020-03-07,-6
1419,New Jersey,2020-03-08,10
1420,New Jersey,2020-03-09,12
1421,New Jersey,2020-03-10,-4
1422,New Jersey,2020-03-11,-14
1423,New Jersey,2020-03-12,-26
1424,New Jersey,2020-03-13,-40
1425,New Jersey,2020-03-14,-44
1426,New Jersey,2020-03-15,-56
1427,New Jersey,2020-03-16,-72
1428,New Jersey,2020-03-17,-100
1429,New Jersey,2020-03-18,-100
1430,New Jersey,2020-03-19,-100
1431,New Jersey,2020-03-20,-100
1432,New Jersey,2020-03-21,-100
1433,New Jersey,2020-03-22,-100
1434,New Jersey,2020-03-23,-100
1435,New Jersey,2020-03-24,-100
1436,New Jersey,2020-03-25,-100
1437,New Jersey,2020-03-26,-100
1438,New Jersey,2020-03-27,-100
1439,New Jersey,2020-03-28,-100
1440,New Jersey,2020-03-29,-100
1441,New Jersey,2020-03-30,-100
1442,New Jersey,2020-03-31,-100
1443,New Jersey,2020-04-01,-100
1444,New Jersey,2020-04-02,-100
1445,New Jersey,2020-04-03,-100
1446,New Jersey,2020-04-04,-100
1447,New Jersey,2020-04-05,-100
1448,New Jersey,2020-04-06,-100
1449,New Jersey,2020-04-07,-100
1450,New Jersey,2020-04-08,-100
1451,New Jersey,2020-04-09,-100
1452,New Jersey,2020-04-10,-100
1453,New Jersey,2020-04-11,-100
1454,New Jersey,2020-04-12,-100
1455,New Jersey,2020-04-13,-100
1456,New Jersey,2020-04-14,-100
1457,New Jersey,2020-04-15,-100
1458,New Jersey,2020-04-16,-100
1459,New Jersey,2020-04-17,-100
1460,New Jersey,2020-04-18,-100
1461,New Jersey,2020-04-19,-100
1462,New Jersey,2020-04-20,-100
1463,New Jersey,2020-04-21,-100
1464,New Jersey,2020-04-22,-100
1465,New Jersey,2020-04-23,-100
1466,New Jersey,2020-04-24,-100
1467,New Jersey,2020-04-25,-100
1468,New Jersey,2020-04-26,-100
1469,New Jersey,2020-04-27,-100
1470,New Mexico,2020-02-18,18
1471,New Mexico,2020-02-19,-3
1472,New Mexico,2020-02-20,5
1473,New Mexico,2020-02-21,8
1474,New Mexico,2020-02-22,-4
1475,New Mexico,2020-02-23,3
1476,New Mexico,2020-02-24,-3
1477,New Mexico,2020-02-25,-4
1478,New Mexico,2020-02-26,17
1479,New Mexico,2020-02-27,3
1480,New Mexico,2020-02-28,4
1481,New Mexico,2020-02-29,4
1482,New Mexico,2020-03-01,-2
1483,New Mexico,2020-03-02,-4
1484,New Mexico,2020-03-03,-7
1485,New Mexico,2020-03-04,-12
1486,New Mexico,2020-03-05,-19
1487,New Mexico,2020-03-06,-2
1488,New Mexico,2020-03-07,-10
1489,New Mexico,2020-03-08,-21
1490,New Mexico,2020-03-09,0
1491,New Mexico,2020-03-10,7
1492,New Mexico,2020-03-11,2
1493,New Mexico,2020-03-12,-10
1494,New Mexico,2020-03-13,-35
1495,New Mexico,2020-03-14,-40
1496,New Mexico,2020-03-15,-44
1497,New Mexico,2020-03-16,-47
1498,New Mexico,2020-03-17,-79
1499,New Mexico,2020-03-18,-89
1500,New Mexico,2020-03-19,-98
1501,New Mexico,2020-03-20,-100
1502,New Mexico,2020-03-21,-100
1503,New Mexico,2020-03-22,-100
1504,New Mexico,2020-03-23,-100
1505,New Mexico,2020-03-24,-100
1506,New Mexico,2020-03-25,-100
1507,New Mexico,2020-03-26,-100
1508,New Mexico,2020-03-27,-100
1509,New Mexico,2020-03-28,-100
1510,New Mexico,2020-03-29,-100
1511,New Mexico,2020-03-30,-100
1512,New Mexico,2020-03-31,-100
1513,New Mexico,2020-04-01,-100
1514,New Mexico,2020-04-02,-100
1515,New Mexico,2020-04-03,-100
1516,New Mexico,2020-04-04,-100
1517,New Mexico,2020-04-05,-100
1518,New Mexico,2020-04-06,-100
1519,New Mexico,2020-04-07,-100
1520,New Mexico,2020-04-08,-100
1521,New Mexico,2020-04-09,-100
1522,New Mexico,2020-04-10,-100
1523,New Mexico,2020-04-11,-100
1524,New Mexico,2020-04-12,-100
1525,New Mexico,2020-04-13,-100
1526,New Mexico,2020-04-14,-100
1527,New Mexico,2020-04-15,-100
1528,New Mexico,2020-04-16,-100
1529,New Mexico,2020-04-17,-100
1530,New Mexico,2020-04-18,-100
1531,New Mexico,2020-04-19,-100
1532,New Mexico,2020-04-20,-100
1533,New Mexico,2020-04-21,-100
1534,New Mexico,2020-04-22,-100
1535,New Mexico,2020-04-23,-100
1536,New Mexico,2020-04-24,-100
1537,New Mexico,2020-04-25,-100
1538,New Mexico,2020-04-26,-100
1539,New Mexico,2020-04-27,-100
1540,New York,2020-02-18,-1
1541,New York,2020-02-19,11
1542,New York,2020-02-20,1
1543,New York,2020-02-21,-4
1544,New York,2020-02-22,1
1545,New York,2020-02-23,13
1546,New York,2020-02-24,6
1547,New York,2020-02-25,1
1548,New York,2020-02-26,-1
1549,New York,2020-02-27,-5
1550,New York,2020-02-28,-2
1551,New York,2020-02-29,-1
1552,New York,2020-03-01,0
1553,New York,2020-03-02,-7
1554,New York,2020-03-03,-11
1555,New York,2020-03-04,-9
1556,New York,2020-03-05,-8
1557,New York,2020-03-06,-14
1558,New York,2020-03-07,-10
1559,New York,2020-03-08,-2
1560,New York,2020-03-09,-15
1561,New York,2020-03-10,-27
1562,New York,2020-03-11,-32
1563,New York,2020-03-12,-49
1564,New York,2020-03-13,-54
1565,New York,2020-03-14,-36
1566,New York,2020-03-15,-47
1567,New York,2020-03-16,-58
1568,New York,2020-03-17,-88
1569,New York,2020-03-18,-100
1570,New York,2020-03-19,-100
1571,New York,2020-03-20,-100
1572,New York,2020-03-21,-100
1573,New York,2020-03-22,-100
1574,New York,2020-03-23,-100
1575,New York,2020-03-24,-100
1576,New York,2020-03-25,-100
1577,New York,2020-03-26,-100
1578,New York,2020-03-27,-100
1579,New York,2020-03-28,-100
1580,New York,2020-03-29,-100
1581,New York,2020-03-30,-100
1582,New York,2020-03-31,-100
1583,New York,2020-04-01,-100
1584,New York,2020-04-02,-100
1585,New York,2020-04-03,-100
1586,New York,2020-04-04,-100
1587,New York,2020-04-05,-100
1588,New York,2020-04-06,-100
1589,New York,2020-04-07,-100
1590,New York,2020-04-08,-100
1591,New York,2020-04-09,-100
1592,New York,2020-04-10,-100
1593,New York,2020-04-11,-100
1594,New York,2020-04-12,-100
1595,New York,2020-04-13,-100
1596,New York,2020-04-14,-100
1597,New York,2020-04-15,-100
1598,New York,2020-04-16,-100
1599,New York,2020-04-17,-100
1600,New York,2020-04-18,-100
1601,New York,2020-04-19,-100
1602,New York,2020-04-20,-100
1603,New York,2020-04-21,-100
1604,New York,2020-04-22,-100
1605,New York,2020-04-23,-100
1606,New York,2020-04-24,-100
1607,New York,2020-04-25,-100
1608,New York,2020-04-26,-100
1609,New York,2020-04-27,-100
1610,North Carolina,2020-02-18,4
1611,North Carolina,2020-02-19,1
1612,North Carolina,2020-02-20,-30
1613,North Carolina,2020-02-21,-1
1614,North Carolina,2020-02-22,4
1615,North Carolina,2020-02-23,2
1616,North Carolina,2020-02-24,-9
1617,North Carolina,2020-02-25,1
1618,North Carolina,2020-02-26,5
1619,North Carolina,2020-02-27,-1
1620,North Carolina,2020-02-28,3
1621,North Carolina,2020-02-29,-3
1622,North Carolina,2020-03-01,2
1623,North Carolina,2020-03-02,-7
1624,North Carolina,2020-03-03,-9
1625,North Carolina,2020-03-04,-4
1626,North Carolina,2020-03-05,-7
1627,North Carolina,2020-03-06,-1
1628,North Carolina,2020-03-07,-2
1629,North Carolina,2020-03-08,-7
1630,North Carolina,2020-03-09,-4
1631,North Carolina,2020-03-10,-9
1632,North Carolina,2020-03-11,-14
1633,North Carolina,2020-03-12,-22
1634,North Carolina,2020-03-13,-28
1635,North Carolina,2020-03-14,-56
1636,North Carolina,2020-03-15,-63
1637,North Carolina,2020-03-16,-75
1638,North Carolina,2020-03-17,-93
1639,North Carolina,2020-03-18,-92
1640,North Carolina,2020-03-19,-100
1641,North Carolina,2020-03-20,-100
1642,North Carolina,2020-03-21,-100
1643,North Carolina,2020-03-22,-100
1644,North Carolina,2020-03-23,-100
1645,North Carolina,2020-03-24,-100
1646,North Carolina,2020-03-25,-100
1647,North Carolina,2020-03-26,-100
1648,North Carolina,2020-03-27,-100
1649,North Carolina,2020-03-28,-100
1650,North Carolina,2020-03-29,-100
1651,North Carolina,2020-03-30,-100
1652,North Carolina,2020-03-31,-100
1653,North Carolina,2020-04-01,-100
1654,North Carolina,2020-04-02,-100
1655,North Carolina,2020-04-03,-100
1656,North Carolina,2020-04-04,-100
1657,North Carolina,2020-04-05,-100
1658,North Carolina,2020-04-06,-100
1659,North Carolina,2020-04-07,-100
1660,North Carolina,2020-04-08,-100
1661,North Carolina,2020-04-09,-100
1662,North Carolina,2020-04-10,-100
1663,North Carolina,2020-04-11,-100
1664,North Carolina,2020-04-12,-100
1665,North Carolina,2020-04-13,-100
1666,North Carolina,2020-04-14,-100
1667,North Carolina,2020-04-15,-100
1668,North Carolina,2020-04-16,-100
1669,North Carolina,2020-04-17,-100
1670,North Carolina,2020-04-18,-100
1671,North Carolina,2020-04-19,-100
1672,North Carolina,2020-04-20,-100
1673,North Carolina,2020-04-21,-100
1674,North Carolina,2020-04-22,-100
1675,North Carolina,2020-04-23,-100
1676,North Carolina,2020-04-24,-100
1677,North Carolina,2020-04-25,-100
1678,North Carolina,2020-04-26,-100
1679,North Carolina,2020-04-27,-100
1680,Ohio,2020-02-18,-8
1681,Ohio,2020-02-19,1
1682,Ohio,2020-02-20,-5
1683,Ohio,2020-02-21,-7
1684,Ohio,2020-02-22,-7
1685,Ohio,2020-02-23,0
1686,Ohio,2020-02-24,-8
1687,Ohio,2020-02-25,-6
1688,Ohio,2020-02-26,-22
1689,Ohio,2020-02-27,-13
1690,Ohio,2020-02-28,-15
1691,Ohio,2020-02-29,-12
1692,Ohio,2020-03-01,6
1693,Ohio,2020-03-02,-7
1694,Ohio,2020-03-03,-10
1695,Ohio,2020-03-04,-6
1696,Ohio,2020-03-05,-8
1697,Ohio,2020-03-06,-13
1698,Ohio,2020-03-07,-6
1699,Ohio,2020-03-08,-6
1700,Ohio,2020-03-09,-19
1701,Ohio,2020-03-10,-19
1702,Ohio,2020-03-11,-19
1703,Ohio,2020-03-12,-29
1704,Ohio,2020-03-13,-37
1705,Ohio,2020-03-14,-51
1706,Ohio,2020-03-15,-51
1707,Ohio,2020-03-16,-100
1708,Ohio,2020-03-17,-100
1709,Ohio,2020-03-18,-100
1710,Ohio,2020-03-19,-100
1711,Ohio,2020-03-20,-100
1712,Ohio,2020-03-21,-100
1713,Ohio,2020-03-22,-100
1714,Ohio,2020-03-23,-100
1715,Ohio,2020-03-24,-100
1716,Ohio,2020-03-25,-100
1717,Ohio,2020-03-26,-100
1718,Ohio,2020-03-27,-100
1719,Ohio,2020-03-28,-100
1720,Ohio,2020-03-29,-100
1721,Ohio,2020-03-30,-100
1722,Ohio,2020-03-31,-100
1723,Ohio,2020-04-01,-100
1724,Ohio,2020-04-02,-100
1725,Ohio,2020-04-03,-100
1726,Ohio,2020-04-04,-100
1727,Ohio,2020-04-05,-100
1728,Ohio,2020-04-06,-100
1729,Ohio,2020-04-07,-100
1730,Ohio,2020-04-08,-100
1731,Ohio,2020-04-09,-100
1732,Ohio,2020-04-10,-100
1733,Ohio,2020-04-11,-100
1734,Ohio,2020-04-12,-100
1735,Ohio,2020-04-13,-100
1736,Ohio,2020-04-14,-100
1737,Ohio,2020-04-15,-100
1738,Ohio,2020-04-16,-100
1739,Ohio,2020-04-17,-100
1740,Ohio,2020-04-18,-100
1741,Ohio,2020-04-19,-100
1742,Ohio,2020-04-20,-100
1743,Ohio,2020-04-21,-100
1744,Ohio,2020-04-22,-100
1745,Ohio,2020-04-23,-100
1746,Ohio,2020-04-24,-100
1747,Ohio,2020-04-25,-100
1748,Ohio,2020-04-26,-100
1749,Ohio,2020-04-27,-100
1750,Oklahoma,2020-02-18,51
1751,Oklahoma,2020-02-19,13
1752,Oklahoma,2020-02-20,-4
1753,Oklahoma,2020-02-21,4
1754,Oklahoma,2020-02-22,-2
1755,Oklahoma,2020-02-23,-8
1756,Oklahoma,2020-02-24,-5
1757,Oklahoma,2020-02-25,3
1758,Oklahoma,2020-02-26,40
1759,Oklahoma,2020-02-27,1
1760,Oklahoma,2020-02-28,2
1761,Oklahoma,2020-02-29,8
1762,Oklahoma,2020-03-01,40
1763,Oklahoma,2020-03-02,-12
1764,Oklahoma,2020-03-03,5
1765,Oklahoma,2020-03-04,0
1766,Oklahoma,2020-03-05,3
1767,Oklahoma,2020-03-06,2
1768,Oklahoma,2020-03-07,0
1769,Oklahoma,2020-03-08,-10
1770,Oklahoma,2020-03-09,0
1771,Oklahoma,2020-03-10,-4
1772,Oklahoma,2020-03-11,-7
1773,Oklahoma,2020-03-12,1
1774,Oklahoma,2020-03-13,-20
1775,Oklahoma,2020-03-14,-29
1776,Oklahoma,2020-03-15,-31
1777,Oklahoma,2020-03-16,-53
1778,Oklahoma,2020-03-17,-83
1779,Oklahoma,2020-03-18,-70
1780,Oklahoma,2020-03-19,-99
1781,Oklahoma,2020-03-20,-99
1782,Oklahoma,2020-03-21,-99
1783,Oklahoma,2020-03-22,-100
1784,Oklahoma,2020-03-23,-100
1785,Oklahoma,2020-03-24,-100
1786,Oklahoma,2020-03-25,-100
1787,Oklahoma,2020-03-26,-100
1788,Oklahoma,2020-03-27,-100
1789,Oklahoma,2020-03-28,-100
1790,Oklahoma,2020-03-29,-100
1791,Oklahoma,2020-03-30,-100
1792,Oklahoma,2020-03-31,-100
1793,Oklahoma,2020-04-01,-100
1794,Oklahoma,2020-04-02,-100
1795,Oklahoma,2020-04-03,-100
1796,Oklahoma,2020-04-04,-100
1797,Oklahoma,2020-04-05,-100
1798,Oklahoma,2020-04-06,-100
1799,Oklahoma,2020-04-07,-100
1800,Oklahoma,2020-04-08,-100
1801,Oklahoma,2020-04-09,-100
1802,Oklahoma,2020-04-10,-100
1803,Oklahoma,2020-04-11,-100
1804,Oklahoma,2020-04-12,-100
1805,Oklahoma,2020-04-13,-100
1806,Oklahoma,2020-04-14,-100
1807,Oklahoma,2020-04-15,-100
1808,Oklahoma,2020-04-16,-100
1809,Oklahoma,2020-04-17,-100
1810,Oklahoma,2020-04-18,-100
1811,Oklahoma,2020-04-19,-100
1812,Oklahoma,2020-04-20,-100
1813,Oklahoma,2020-04-21,-100
1814,Oklahoma,2020-04-22,-100
1815,Oklahoma,2020-04-23,-100
1816,Oklahoma,2020-04-24,-100
1817,Oklahoma,2020-04-25,-100
1818,Oklahoma,2020-04-26,-100
1819,Oklahoma,2020-04-27,-100
1820,Oregon,2020-02-18,4
1821,Oregon,2020-02-19,-1
1822,Oregon,2020-02-20,4
1823,Oregon,2020-02-21,9
1824,Oregon,2020-02-22,7
1825,Oregon,2020-02-23,20
1826,Oregon,2020-02-24,12
1827,Oregon,2020-02-25,-1
1828,Oregon,2020-02-26,15
1829,Oregon,2020-02-27,3
1830,Oregon,2020-02-28,-3
1831,Oregon,2020-02-29,3
1832,Oregon,2020-03-01,6
1833,Oregon,2020-03-02,8
1834,Oregon,2020-03-03,-8
1835,Oregon,2020-03-04,-3
1836,Oregon,2020-03-05,-3
1837,Oregon,2020-03-06,-4
1838,Oregon,2020-03-07,-7
1839,Oregon,2020-03-08,0
1840,Oregon,2020-03-09,-15
1841,Oregon,2020-03-10,-13
1842,Oregon,2020-03-11,-22
1843,Oregon,2020-03-12,-33
1844,Oregon,2020-03-13,-40
1845,Oregon,2020-03-14,-47
1846,Oregon,2020-03-15,-55
1847,Oregon,2020-03-16,-61
1848,Oregon,2020-03-17,-99
1849,Oregon,2020-03-18,-100
1850,Oregon,2020-03-19,-100
1851,Oregon,2020-03-20,-100
1852,Oregon,2020-03-21,-100
1853,Oregon,2020-03-22,-100
1854,Oregon,2020-03-23,-100
1855,Oregon,2020-03-24,-100
1856,Oregon,2020-03-25,-100
1857,Oregon,2020-03-26,-100
1858,Oregon,2020-03-27,-100
1859,Oregon,2020-03-28,-100
1860,Oregon,2020-03-29,-100
1861,Oregon,2020-03-30,-100
1862,Oregon,2020-03-31,-100
1863,Oregon,2020-04-01,-100
1864,Oregon,2020-04-02,-100
1865,Oregon,2020-04-03,-100
1866,Oregon,2020-04-04,-100
1867,Oregon,2020-04-05,-100
1868,Oregon,2020-04-06,-100
1869,Oregon,2020-04-07,-100
1870,Oregon,2020-04-08,-100
1871,Oregon,2020-04-09,-100
1872,Oregon,2020-04-10,-100
1873,Oregon,2020-04-11,-100
1874,Oregon,2020-04-12,-100
1875,Oregon,2020-04-13,-100
1876,Oregon,2020-04-14,-100
1877,Oregon,2020-04-15,-100
1878,Oregon,2020-04-16,-100
1879,Oregon,2020-04-17,-100
1880,Oregon,2020-04-18,-100
1881,Oregon,2020-04-19,-100
1882,Oregon,2020-04-20,-100
1883,Oregon,2020-04-21,-100
1884,Oregon,2020-04-22,-100
1885,Oregon,2020-04-23,-100
1886,Oregon,2020-04-24,-100
1887,Oregon,2020-04-25,-100
1888,Oregon,2020-04-26,-100
1889,Oregon,2020-04-27,-100
1890,Pennsylvania,2020-02-18,3
1891,Pennsylvania,2020-02-19,63
1892,Pennsylvania,2020-02-20,0
1893,Pennsylvania,2020-02-21,-3
1894,Pennsylvania,2020-02-22,1
1895,Pennsylvania,2020-02-23,3
1896,Pennsylvania,2020-02-24,0
1897,Pennsylvania,2020-02-25,-5
1898,Pennsylvania,2020-02-26,-3
1899,Pennsylvania,2020-02-27,-3
1900,Pennsylvania,2020-02-28,1
1901,Pennsylvania,2020-02-29,1
1902,Pennsylvania,2020-03-01,30
1903,Pennsylvania,2020-03-02,3
1904,Pennsylvania,2020-03-03,-6
1905,Pennsylvania,2020-03-04,0
1906,Pennsylvania,2020-03-05,2
1907,Pennsylvania,2020-03-06,-9
1908,Pennsylvania,2020-03-07,-3
1909,Pennsylvania,2020-03-08,2
1910,Pennsylvania,2020-03-09,-7
1911,Pennsylvania,2020-03-10,-18
1912,Pennsylvania,2020-03-11,-17
1913,Pennsylvania,2020-03-12,-35
1914,Pennsylvania,2020-03-13,-44
1915,Pennsylvania,2020-03-14,-51
1916,Pennsylvania,2020-03-15,-56
1917,Pennsylvania,2020-03-16,-68
1918,Pennsylvania,2020-03-17,-100
1919,Pennsylvania,2020-03-18,-100
1920,Pennsylvania,2020-03-19,-100
1921,Pennsylvania,2020-03-20,-100
1922,Pennsylvania,2020-03-21,-100
1923,Pennsylvania,2020-03-22,-100
1924,Pennsylvania,2020-03-23,-100
1925,Pennsylvania,2020-03-24,-100
1926,Pennsylvania,2020-03-25,-100
1927,Pennsylvania,2020-03-26,-100
1928,Pennsylvania,2020-03-27,-100
1929,Pennsylvania,2020-03-28,-100
1930,Pennsylvania,2020-03-29,-100
1931,Pennsylvania,2020-03-30,-100
1932,Pennsylvania,2020-03-31,-100
1933,Pennsylvania,2020-04-01,-100
1934,Pennsylvania,2020-04-02,-100
1935,Pennsylvania,2020-04-03,-100
1936,Pennsylvania,2020-04-04,-100
1937,Pennsylvania,2020-04-05,-100
1938,Pennsylvania,2020-04-06,-100
1939,Pennsylvania,2020-04-07,-100
1940,Pennsylvania,2020-04-08,-100
1941,Pennsylvania,2020-04-09,-100
1942,Pennsylvania,2020-04-10,-100
1943,Pennsylvania,2020-04-11,-100
1944,Pennsylvania,2020-04-12,-100
1945,Pennsylvania,2020-04-13,-100
1946,Pennsylvania,2020-04-14,-100
1947,Pennsylvania,2020-04-15,-100
1948,Pennsylvania,2020-04-16,-100
1949,Pennsylvania,2020-04-17,-100
1950,Pennsylvania,2020-04-18,-100
1951,Pennsylvania,2020-04-19,-100
1952,Pennsylvania,2020-04-20,-100
1953,Pennsylvania,2020-04-21,-100
1954,Pennsylvania,2020-04-22,-100
1955,Pennsylvania,2020-04-23,-100
1956,Pennsylvania,2020-04-24,-100
1957,Pennsylvania,2020-04-25,-100
1958,Pennsylvania,2020-04-26,-100
1959,Pennsylvania,2020-04-27,-100
1960,Rhode Island,2020-02-18,8
1961,Rhode Island,2020-02-19,0
1962,Rhode Island,2020-02-20,7
1963,Rhode Island,2020-02-21,-15
1964,Rhode Island,2020-02-22,-6
1965,Rhode Island,2020-02-23,24
1966,Rhode Island,2020-02-24,14
1967,Rhode Island,2020-02-25,-13
1968,Rhode Island,2020-02-26,-13
1969,Rhode Island,2020-02-27,-9
1970,Rhode Island,2020-02-28,-2
1971,Rhode Island,2020-02-29,21
1972,Rhode Island,2020-03-01,-11
1973,Rhode Island,2020-03-02,18
1974,Rhode Island,2020-03-03,-1
1975,Rhode Island,2020-03-04,7
1976,Rhode Island,2020-03-05,-12
1977,Rhode Island,2020-03-06,-2
1978,Rhode Island,2020-03-07,-7
1979,Rhode Island,2020-03-08,26
1980,Rhode Island,2020-03-09,17
1981,Rhode Island,2020-03-10,-16
1982,Rhode Island,2020-03-11,-15
1983,Rhode Island,2020-03-12,-31
1984,Rhode Island,2020-03-13,-41
1985,Rhode Island,2020-03-14,-48
1986,Rhode Island,2020-03-15,-50
1987,Rhode Island,2020-03-16,-53
1988,Rhode Island,2020-03-17,-100
1989,Rhode Island,2020-03-18,-100
1990,Rhode Island,2020-03-19,-100
1991,Rhode Island,2020-03-20,-100
1992,Rhode Island,2020-03-21,-100
1993,Rhode Island,2020-03-22,-100
1994,Rhode Island,2020-03-23,-100
1995,Rhode Island,2020-03-24,-100
1996,Rhode Island,2020-03-25,-100
1997,Rhode Island,2020-03-26,-100
1998,Rhode Island,2020-03-27,-100
1999,Rhode Island,2020-03-28,-100
2000,Rhode Island,2020-03-29,-100
2001,Rhode Island,2020-03-30,-100
2002,Rhode Island,2020-03-31,-100
2003,Rhode Island,2020-04-01,-100
2004,Rhode Island,2020-04-02,-100
2005,Rhode Island,2020-04-03,-100
2006,Rhode Island,2020-04-04,-100
2007,Rhode Island,2020-04-05,-100
2008,Rhode Island,2020-04-06,-100
2009,Rhode Island,2020-04-07,-100
2010,Rhode Island,2020-04-08,-100
2011,Rhode Island,2020-04-09,-100
2012,Rhode Island,2020-04-10,-100
2013,Rhode Island,2020-04-11,-100
2014,Rhode Island,2020-04-12,-100
2015,Rhode Island,2020-04-13,-100
2016,Rhode Island,2020-04-14,-100
2017,Rhode Island,2020-04-15,-100
2018,Rhode Island,2020-04-16,-100
2019,Rhode Island,2020-04-17,-100
2020,Rhode Island,2020-04-18,-100
2021,Rhode Island,2020-04-19,-100
2022,Rhode Island,2020-04-20,-100
2023,Rhode Island,2020-04-21,-100
2024,Rhode Island,2020-04-22,-100
2025,Rhode Island,2020-04-23,-100
2026,Rhode Island,2020-04-24,-100
2027,Rhode Island,2020-04-25,-100
2028,Rhode Island,2020-04-26,-100
2029,Rhode Island,2020-04-27,-100
2030,South Carolina,2020-02-18,8
2031,South Carolina,2020-02-19,-2
2032,South Carolina,2020-02-20,-11
2033,South Carolina,2020-02-21,0
2034,South Carolina,2020-02-22,10
2035,South Carolina,2020-02-23,4
2036,South Carolina,2020-02-24,3
2037,South Carolina,2020-02-25,2
2038,South Carolina,2020-02-26,6
2039,South Carolina,2020-02-27,8
2040,South Carolina,2020-02-28,11
2041,South Carolina,2020-02-29,5
2042,South Carolina,2020-03-01,8
2043,South Carolina,2020-03-02,1
2044,South Carolina,2020-03-03,-8
2045,South Carolina,2020-03-04,-7
2046,South Carolina,2020-03-05,-7
2047,South Carolina,2020-03-06,3
2048,South Carolina,2020-03-07,3
2049,South Carolina,2020-03-08,-5
2050,South Carolina,2020-03-09,-7
2051,South Carolina,2020-03-10,-14
2052,South Carolina,2020-03-11,-7
2053,South Carolina,2020-03-12,-16
2054,South Carolina,2020-03-13,-19
2055,South Carolina,2020-03-14,-21
2056,South Carolina,2020-03-15,-31
2057,South Carolina,2020-03-16,-48
2058,South Carolina,2020-03-17,-70
2059,South Carolina,2020-03-18,-100
2060,South Carolina,2020-03-19,-100
2061,South Carolina,2020-03-20,-100
2062,South Carolina,2020-03-21,-100
2063,South Carolina,2020-03-22,-100
2064,South Carolina,2020-03-23,-100
2065,South Carolina,2020-03-24,-100
2066,South Carolina,2020-03-25,-100
2067,South Carolina,2020-03-26,-100
2068,South Carolina,2020-03-27,-100
2069,South Carolina,2020-03-28,-100
2070,South Carolina,2020-03-29,-100
2071,South Carolina,2020-03-30,-100
2072,South Carolina,2020-03-31,-100
2073,South Carolina,2020-04-01,-100
2074,South Carolina,2020-04-02,-100
2075,South Carolina,2020-04-03,-100
2076,South Carolina,2020-04-04,-100
2077,South Carolina,2020-04-05,-100
2078,South Carolina,2020-04-06,-100
2079,South Carolina,2020-04-07,-100
2080,South Carolina,2020-04-08,-100
2081,South Carolina,2020-04-09,-100
2082,South Carolina,2020-04-10,-100
2083,South Carolina,2020-04-11,-100
2084,South Carolina,2020-04-12,-100
2085,South Carolina,2020-04-13,-100
2086,South Carolina,2020-04-14,-100
2087,South Carolina,2020-04-15,-100
2088,South Carolina,2020-04-16,-100
2089,South Carolina,2020-04-17,-100
2090,South Carolina,2020-04-18,-100
2091,South Carolina,2020-04-19,-100
2092,South Carolina,2020-04-20,-100
2093,South Carolina,2020-04-21,-100
2094,South Carolina,2020-04-22,-100
2095,South Carolina,2020-04-23,-100
2096,South Carolina,2020-04-24,-100
2097,South Carolina,2020-04-25,-100
2098,South Carolina,2020-04-26,-100
2099,South Carolina,2020-04-27,-100
2100,Tennessee,2020-02-18,1
2101,Tennessee,2020-02-19,8
2102,Tennessee,2020-02-20,-9
2103,Tennessee,2020-02-21,3
2104,Tennessee,2020-02-22,7
2105,Tennessee,2020-02-23,-14
2106,Tennessee,2020-02-24,-9
2107,Tennessee,2020-02-25,-7
2108,Tennessee,2020-02-26,-11
2109,Tennessee,2020-02-27,-1
2110,Tennessee,2020-02-28,0
2111,Tennessee,2020-02-29,-2
2112,Tennessee,2020-03-01,-6
2113,Tennessee,2020-03-02,-6
2114,Tennessee,2020-03-03,-16
2115,Tennessee,2020-03-04,-1
2116,Tennessee,2020-03-05,-4
2117,Tennessee,2020-03-06,-1
2118,Tennessee,2020-03-07,2
2119,Tennessee,2020-03-08,-7
2120,Tennessee,2020-03-09,-17
2121,Tennessee,2020-03-10,-16
2122,Tennessee,2020-03-11,-22
2123,Tennessee,2020-03-12,-28
2124,Tennessee,2020-03-13,-34
2125,Tennessee,2020-03-14,-41
2126,Tennessee,2020-03-15,-46
2127,Tennessee,2020-03-16,-60
2128,Tennessee,2020-03-17,-86
2129,Tennessee,2020-03-18,-92
2130,Tennessee,2020-03-19,-94
2131,Tennessee,2020-03-20,-98
2132,Tennessee,2020-03-21,-99
2133,Tennessee,2020-03-22,-100
2134,Tennessee,2020-03-23,-100
2135,Tennessee,2020-03-24,-100
2136,Tennessee,2020-03-25,-100
2137,Tennessee,2020-03-26,-100
2138,Tennessee,2020-03-27,-100
2139,Tennessee,2020-03-28,-100
2140,Tennessee,2020-03-29,-100
2141,Tennessee,2020-03-30,-100
2142,Tennessee,2020-03-31,-100
2143,Tennessee,2020-04-01,-100
2144,Tennessee,2020-04-02,-100
2145,Tennessee,2020-04-03,-100
2146,Tennessee,2020-04-04,-100
2147,Tennessee,2020-04-05,-100
2148,Tennessee,2020-04-06,-100
2149,Tennessee,2020-04-07,-100
2150,Tennessee,2020-04-08,-100
2151,Tennessee,2020-04-09,-100
2152,Tennessee,2020-04-10,-100
2153,Tennessee,2020-04-11,-100
2154,Tennessee,2020-04-12,-100
2155,Tennessee,2020-04-13,-100
2156,Tennessee,2020-04-14,-100
2157,Tennessee,2020-04-15,-100
2158,Tennessee,2020-04-16,-100
2159,Tennessee,2020-04-17,-100
2160,Tennessee,2020-04-18,-100
2161,Tennessee,2020-04-19,-100
2162,Tennessee,2020-04-20,-100
2163,Tennessee,2020-04-21,-100
2164,Tennessee,2020-04-22,-100
2165,Tennessee,2020-04-23,-100
2166,Tennessee,2020-04-24,-100
2167,Tennessee,2020-04-25,-100
2168,Tennessee,2020-04-26,-100
2169,Tennessee,2020-04-27,-97
2170,Texas,2020-02-18,0
2171,Texas,2020-02-19,-6
2172,Texas,2020-02-20,0
2173,Texas,2020-02-21,2
2174,Texas,2020-02-22,1
2175,Texas,2020-02-23,-3
2176,Texas,2020-02-24,0
2177,Texas,2020-02-25,9
2178,Texas,2020-02-26,0
2179,Texas,2020-02-27,0
2180,Texas,2020-02-28,4
2181,Texas,2020-02-29,6
2182,Texas,2020-03-01,7
2183,Texas,2020-03-02,-2
2184,Texas,2020-03-03,-9
2185,Texas,2020-03-04,-8
2186,Texas,2020-03-05,1
2187,Texas,2020-03-06,2
2188,Texas,2020-03-07,-3
2189,Texas,2020-03-08,-5
2190,Texas,2020-03-09,-21
2191,Texas,2020-03-10,-14
2192,Texas,2020-03-11,-14
2193,Texas,2020-03-12,-25
2194,Texas,2020-03-13,-35
2195,Texas,2020-03-14,-34
2196,Texas,2020-03-15,-42
2197,Texas,2020-03-16,-58
2198,Texas,2020-03-17,-90
2199,Texas,2020-03-18,-95
2200,Texas,2020-03-19,-99
2201,Texas,2020-03-20,-99
2202,Texas,2020-03-21,-100
2203,Texas,2020-03-22,-100
2204,Texas,2020-03-23,-100
2205,Texas,2020-03-24,-100
2206,Texas,2020-03-25,-100
2207,Texas,2020-03-26,-100
2208,Texas,2020-03-27,-100
2209,Texas,2020-03-28,-100
2210,Texas,2020-03-29,-100
2211,Texas,2020-03-30,-100
2212,Texas,2020-03-31,-100
2213,Texas,2020-04-01,-100
2214,Texas,2020-04-02,-100
2215,Texas,2020-04-03,-100
2216,Texas,2020-04-04,-100
2217,Texas,2020-04-05,-100
2218,Texas,2020-04-06,-100
2219,Texas,2020-04-07,-100
2220,Texas,2020-04-08,-100
2221,Texas,2020-04-09,-100
2222,Texas,2020-04-10,-100
2223,Texas,2020-04-11,-100
2224,Texas,2020-04-12,-100
2225,Texas,2020-04-13,-100
2226,Texas,2020-04-14,-100
2227,Texas,2020-04-15,-100
2228,Texas,2020-04-16,-100
2229,Texas,2020-04-17,-100
2230,Texas,2020-04-18,-100
2231,Texas,2020-04-19,-100
2232,Texas,2020-04-20,-100
2233,Texas,2020-04-21,-100
2234,Texas,2020-04-22,-100
2235,Texas,2020-04-23,-100
2236,Texas,2020-04-24,-100
2237,Texas,2020-04-25,-100
2238,Texas,2020-04-26,-100
2239,Texas,2020-04-27,-100
2240,Utah,2020-02-18,0
2241,Utah,2020-02-19,3
2242,Utah,2020-02-20,2
2243,Utah,2020-02-21,4
2244,Utah,2020-02-22,5
2245,Utah,2020-02-23,4
2246,Utah,2020-02-24,4
2247,Utah,2020-02-25,13
2248,Utah,2020-02-26,15
2249,Utah,2020-02-27,1
2250,Utah,2020-02-28,1
2251,Utah,2020-02-29,-1
2252,Utah,2020-03-01,-12
2253,Utah,2020-03-02,-13
2254,Utah,2020-03-03,-6
2255,Utah,2020-03-04,-5
2256,Utah,2020-03-05,-3
2257,Utah,2020-03-06,8
2258,Utah,2020-03-07,0
2259,Utah,2020-03-08,-13
2260,Utah,2020-03-09,-18
2261,Utah,2020-03-10,-19
2262,Utah,2020-03-11,-11
2263,Utah,2020-03-12,-19
2264,Utah,2020-03-13,-28
2265,Utah,2020-03-14,-34
2266,Utah,2020-03-15,-53
2267,Utah,2020-03-16,-69
2268,Utah,2020-03-17,-69
2269,Utah,2020-03-18,-82
2270,Utah,2020-03-19,-100
2271,Utah,2020-03-20,-100
2272,Utah,2020-03-21,-100
2273,Utah,2020-03-22,-100
2274,Utah,2020-03-23,-100
2275,Utah,2020-03-24,-100
2276,Utah,2020-03-25,-100
2277,Utah,2020-03-26,-100
2278,Utah,2020-03-27,-100
2279,Utah,2020-03-28,-100
2280,Utah,2020-03-29,-100
2281,Utah,2020-03-30,-100
2282,Utah,2020-03-31,-100
2283,Utah,2020-04-01,-100
2284,Utah,2020-04-02,-100
2285,Utah,2020-04-03,-100
2286,Utah,2020-04-04,-100
2287,Utah,2020-04-05,-100
2288,Utah,2020-04-06,-100
2289,Utah,2020-04-07,-100
2290,Utah,2020-04-08,-100
2291,Utah,2020-04-09,-100
2292,Utah,2020-04-10,-100
2293,Utah,2020-04-11,-100
2294,Utah,2020-04-12,-100
2295,Utah,2020-04-13,-100
2296,Utah,2020-04-14,-100
2297,Utah,2020-04-15,-100
2298,Utah,2020-04-16,-100
2299,Utah,2020-04-17,-100
2300,Utah,2020-04-18,-100
2301,Utah,2020-04-19,-100
2302,Utah,2020-04-20,-100
2303,Utah,2020-04-21,-100
2304,Utah,2020-04-22,-100
2305,Utah,2020-04-23,-100
2306,Utah,2020-04-24,-100
2307,Utah,2020-04-25,-100
2308,Utah,2020-04-26,-100
2309,Utah,2020-04-27,-100
2310,Virginia,2020-02-18,6
2311,Virginia,2020-02-19,58
2312,Virginia,2020-02-20,-1
2313,Virginia,2020-02-21,-3
2314,Virginia,2020-02-22,6
2315,Virginia,2020-02-23,7
2316,Virginia,2020-02-24,2
2317,Virginia,2020-02-25,2
2318,Virginia,2020-02-26,-5
2319,Virginia,2020-02-27,-3
2320,Virginia,2020-02-28,8
2321,Virginia,2020-02-29,-3
2322,Virginia,2020-03-01,14
2323,Virginia,2020-03-02,-4
2324,Virginia,2020-03-03,-1
2325,Virginia,2020-03-04,-1
2326,Virginia,2020-03-05,-2
2327,Virginia,2020-03-06,5
2328,Virginia,2020-03-07,2
2329,Virginia,2020-03-08,3
2330,Virginia,2020-03-09,-4
2331,Virginia,2020-03-10,-13
2332,Virginia,2020-03-11,-23
2333,Virginia,2020-03-12,-34
2334,Virginia,2020-03-13,-34
2335,Virginia,2020-03-14,-39
2336,Virginia,2020-03-15,-50
2337,Virginia,2020-03-16,-65
2338,Virginia,2020-03-17,-90
2339,Virginia,2020-03-18,-97
2340,Virginia,2020-03-19,-98
2341,Virginia,2020-03-20,-99
2342,Virginia,2020-03-21,-99
2343,Virginia,2020-03-22,-100
2344,Virginia,2020-03-23,-100
2345,Virginia,2020-03-24,-100
2346,Virginia,2020-03-25,-100
2347,Virginia,2020-03-26,-100
2348,Virginia,2020-03-27,-100
2349,Virginia,2020-03-28,-100
2350,Virginia,2020-03-29,-100
2351,Virginia,2020-03-30,-100
2352,Virginia,2020-03-31,-100
2353,Virginia,2020-04-01,-100
2354,Virginia,2020-04-02,-100
2355,Virginia,2020-04-03,-100
2356,Virginia,2020-04-04,-100
2357,Virginia,2020-04-05,-100
2358,Virginia,2020-04-06,-100
2359,Virginia,2020-04-07,-100
2360,Virginia,2020-04-08,-100
2361,Virginia,2020-04-09,-100
2362,Virginia,2020-04-10,-100
2363,Virginia,2020-04-11,-100
2364,Virginia,2020-04-12,-100
2365,Virginia,2020-04-13,-100
2366,Virginia,2020-04-14,-100
2367,Virginia,2020-04-15,-100
2368,Virginia,2020-04-16,-100
2369,Virginia,2020-04-17,-100
2370,Virginia,2020-04-18,-100
2371,Virginia,2020-04-19,-100
2372,Virginia,2020-04-20,-100
2373,Virginia,2020-04-21,-100
2374,Virginia,2020-04-22,-100
2375,Virginia,2020-04-23,-100
2376,Virginia,2020-04-24,-100
2377,Virginia,2020-04-25,-100
2378,Virginia,2020-04-26,-100
2379,Virginia,2020-04-27,-100
2380,Washington,2020-02-18,9
2381,Washington,2020-02-19,8
2382,Washington,2020-02-20,6
2383,Washington,2020-02-21,3
2384,Washington,2020-02-22,2
2385,Washington,2020-02-23,10
2386,Washington,2020-02-24,-1
2387,Washington,2020-02-25,-2
2388,Washington,2020-02-26,5
2389,Washington,2020-02-27,0
2390,Washington,2020-02-28,1
2391,Washington,2020-02-29,-4
2392,Washington,2020-03-01,-12
2393,Washington,2020-03-02,-25
2394,Washington,2020-03-03,-21
2395,Washington,2020-03-04,-17
2396,Washington,2020-03-05,-22
2397,Washington,2020-03-06,-24
2398,Washington,2020-03-07,-27
2399,Washington,2020-03-08,-22
2400,Washington,2020-03-09,-30
2401,Washington,2020-03-10,-38
2402,Washington,2020-03-11,-41
2403,Washington,2020-03-12,-45
2404,Washington,2020-03-13,-53
2405,Washington,2020-03-14,-54
2406,Washington,2020-03-15,-57
2407,Washington,2020-03-16,-70
2408,Washington,2020-03-17,-100
2409,Washington,2020-03-18,-100
2410,Washington,2020-03-19,-100
2411,Washington,2020-03-20,-100
2412,Washington,2020-03-21,-100
2413,Washington,2020-03-22,-100
2414,Washington,2020-03-23,-100
2415,Washington,2020-03-24,-100
2416,Washington,2020-03-25,-100
2417,Washington,2020-03-26,-100
2418,Washington,2020-03-27,-100
2419,Washington,2020-03-28,-100
2420,Washington,2020-03-29,-100
2421,Washington,2020-03-30,-100
2422,Washington,2020-03-31,-100
2423,Washington,2020-04-01,-100
2424,Washington,2020-04-02,-100
2425,Washington,2020-04-03,-100
2426,Washington,2020-04-04,-100
2427,Washington,2020-04-05,-100
2428,Washington,2020-04-06,-100
2429,Washington,2020-04-07,-100
2430,Washington,2020-04-08,-100
2431,Washington,2020-04-09,-100
2432,Washington,2020-04-10,-100
2433,Washington,2020-04-11,-100
2434,Washington,2020-04-12,-100
2435,Washington,2020-04-13,-100
2436,Washington,2020-04-14,-100
2437,Washington,2020-04-15,-100
2438,Washington,2020-04-16,-100
2439,Washington,2020-04-17,-100
2440,Washington,2020-04-18,-100
2441,Washington,2020-04-19,-100
2442,Washington,2020-04-20,-100
2443,Washington,2020-04-21,-100
2444,Washington,2020-04-22,-100
2445,Washington,2020-04-23,-100
2446,Washington,2020-04-24,-100
2447,Washington,2020-04-25,-100
2448,Washington,2020-04-26,-100
2449,Washington,2020-04-27,-100
2450,Wisconsin,2020-02-18,3
2451,Wisconsin,2020-02-19,21
2452,Wisconsin,2020-02-20,-1
2453,Wisconsin,2020-02-21,-3
2454,Wisconsin,2020-02-22,14
2455,Wisconsin,2020-02-23,25
2456,Wisconsin,2020-02-24,0
2457,Wisconsin,2020-02-25,9
2458,Wisconsin,2020-02-26,-4
2459,Wisconsin,2020-02-27,-1
2460,Wisconsin,2020-02-28,9
2461,Wisconsin,2020-02-29,3
2462,Wisconsin,2020-03-01,5
2463,Wisconsin,2020-03-02,8
2464,Wisconsin,2020-03-03,9
2465,Wisconsin,2020-03-04,12
2466,Wisconsin,2020-03-05,-7
2467,Wisconsin,2020-03-06,-7
2468,Wisconsin,2020-03-07,-6
2469,Wisconsin,2020-03-08,15
2470,Wisconsin,2020-03-09,-10
2471,Wisconsin,2020-03-10,1
2472,Wisconsin,2020-03-11,0
2473,Wisconsin,2020-03-12,-14
2474,Wisconsin,2020-03-13,-26
2475,Wisconsin,2020-03-14,-39
2476,Wisconsin,2020-03-15,-47
2477,Wisconsin,2020-03-16,-67
2478,Wisconsin,2020-03-17,-96
2479,Wisconsin,2020-03-18,-100
2480,Wisconsin,2020-03-19,-100
2481,Wisconsin,2020-03-20,-100
2482,Wisconsin,2020-03-21,-100
2483,Wisconsin,2020-03-22,-100
2484,Wisconsin,2020-03-23,-100
2485,Wisconsin,2020-03-24,-100
2486,Wisconsin,2020-03-25,-100
2487,Wisconsin,2020-03-26,-100
2488,Wisconsin,2020-03-27,-100
2489,Wisconsin,2020-03-28,-100
2490,Wisconsin,2020-03-29,-100
2491,Wisconsin,2020-03-30,-100
2492,Wisconsin,2020-03-31,-100
2493,Wisconsin,2020-04-01,-100
2494,Wisconsin,2020-04-02,-100
2495,Wisconsin,2020-04-03,-100
2496,Wisconsin,2020-04-04,-100
2497,Wisconsin,2020-04-05,-100
2498,Wisconsin,2020-04-06,-100
2499,Wisconsin,2020-04-07,-100
2500,Wisconsin,2020-04-08,-100
2501,Wisconsin,2020-04-09,-100
2502,Wisconsin,2020-04-10,-100
2503,Wisconsin,2020-04-11,-100
2504,Wisconsin,2020-04-12,-100
2505,Wisconsin,2020-04-13,-100
2506,Wisconsin,2020-04-14,-100
2507,Wisconsin,2020-04-15,-100
2508,Wisconsin,2020-04-16,-100
2509,Wisconsin,2020-04-17,-100
2510,Wisconsin,2020-04-18,-100
2511,Wisconsin,2020-04-19,-100
2512,Wisconsin,2020-04-20,-100
2513,Wisconsin,2020-04-21,-100
2514,Wisconsin,2020-04-22,-100
2515,Wisconsin,2020-04-23,-100
2516,Wisconsin,2020-04-24,-100
2517,Wisconsin,2020-04-25,-100
2518,Wisconsin,2020-04-26,-100
2519,Wisconsin,2020-04-27,-100
